step,elapsed_tokens,elapsed_examples,training_loss,training_sequence_accuracy,training_token_accuracy,validation_loss,validation_sequence_accuracy,validation_token_accuracy,classification/accuracy,classification/weighted_f1_score
1,9,1,3.269591397,0,0,1.435197802,0,0.5,,
2,26,2,1.46802946,0,0,,,,,
3,51,3,1.089889303,0,0.333333333,,,,,
4,76,4,0.91596222,0,0.333333333,,,,,
5,101,5,0.815098102,0,0.5,,,,,
6,126,6,0.843303329,0,0.666666667,,,,,
7,151,7,0.630598857,0,0.5,,,,,
8,168,8,0.906091843,0,0.5,,,,,
9,193,9,0.686483909,0,0.5,,,,,
10,226,10,0.361748818,1,1,,,,,
11,251,11,0.504061486,0,0.5,,,,,
12,284,12,0.43469463,0,0.666666667,,,,,
13,301,13,0.329749253,0,0.666666667,,,,,
14,310,14,0.933068426,0,0.666666667,,,,,
15,335,15,0.285124227,0,0.666666667,,,,,
16,376,16,0.399474969,0,0.666666667,,,,,
17,393,17,0.593254945,0,0.5,,,,,
18,418,18,0.469178815,0,0.5,,,,,
19,427,19,0.457766595,1,1,,,,,
20,444,20,0.418262624,0,0.5,,,,,
21,477,21,0.606379363,0,0.5,,,,,
22,510,22,0.434702244,0,0.666666667,,,,,
23,527,23,0.445976836,0,0.5,,,,,
24,552,24,0.367784178,1,1,,,,,
25,601,25,0.40160459,1,1,,,,,
26,626,26,0.323051356,1,1,,,,,
27,651,27,0.534581973,0,0.5,,,,,
28,684,28,0.21048803,1,1,,,,,
29,717,29,0.444883581,0,0.666666667,,,,,
30,742,30,0.202099024,1,1,,,,,
31,767,31,0.308870241,1,1,,,,,
32,784,32,0.546210479,0,0.5,,,,,
33,801,33,0.181059678,1,1,,,,,
34,834,34,0.287765057,0,0.666666667,,,,,
35,875,35,0.54230591,0,0.666666667,,,,,
36,908,36,0.311544711,1,1,,,,,
37,941,37,0.364661732,0,0.666666667,,,,,
38,958,38,0.194000776,1,1,,,,,
39,983,39,0.384082613,0,0.5,,,,,
40,1016,40,0.308683187,1,1,,,,,
41,1041,41,0.510688638,0,0.5,,,,,
42,1058,42,0.434053884,0,0.666666667,,,,,
43,1075,43,0.655744378,0,0.5,,,,,
44,1100,44,0.364532885,1,1,,,,,
45,1125,45,0.203294804,1,1,,,,,
46,1142,46,0.459041712,1,1,,,,,
47,1167,47,0.449335551,1,1,,,,,
48,1184,48,0.689325906,0,0.5,,,,,
49,1217,49,0.442140842,0,0.666666667,,,,,
50,1242,50,0.185799492,1,1,,,,,
51,1259,51,0.656478318,0,0.666666667,,,,,
52,1308,52,0.349038248,1,1,,,,,
53,1365,53,0.373273515,0,0.666666667,,,,,
54,1390,54,0.262900071,1,1,,,,,
55,1447,55,0.273536471,1,1,,,,,
56,1480,56,0.364795909,0,0.666666667,,,,,
57,1505,57,0.329403977,1,1,,,,,
58,1530,58,0.303300269,1,1,,,,,
59,1555,59,0.365371897,1,1,,,,,
60,1572,60,0.319510266,0,0.666666667,,,,,
61,1645,61,0.285697271,1,1,0.188844055,1,1,,
62,1670,62,0.35157289,0,0.5,,,,,
63,1695,63,0.221704511,1,1,,,,,
64,1712,64,0.218466704,1,1,,,,,
65,1729,65,0.61702648,0,0.666666667,,,,,
66,1754,66,0.310602399,0,0.666666667,,,,,
67,1779,67,0.263008979,0,0.5,,,,,
68,1804,68,0.146258015,1,1,,,,,
69,1853,69,0.322982316,0,0.5,,,,,
70,1878,70,0.390134938,0,0.5,,,,,
71,1895,71,0.442236043,0,0.666666667,,,,,
72,1912,72,0.364209636,0,0.666666667,,,,,
73,1937,73,0.408746701,0,0.5,,,,,
74,1954,74,0.35635502,0,0.666666667,,,,,
75,1963,75,0.467886265,0,0.5,,,,,
76,1980,76,0.281695828,0,0.5,,,,,
77,2013,77,0.424924061,0,0.666666667,,,,,
78,2030,78,0.336767757,0,0.666666667,,,,,
79,2063,79,0.238352829,1,1,,,,,
80,2080,80,0.234104338,1,1,,,,,
81,2105,81,0.238422476,0,0.5,,,,,
82,2130,82,0.210446869,1,1,,,,,
83,2147,83,0.237282859,0,0.5,,,,,
84,2172,84,0.361276258,0,0.5,,,,,
85,2197,85,0.155711442,1,1,,,,,
86,2222,86,0.45939635,0,0.5,,,,,
87,2239,87,0.245496206,1,1,,,,,
88,2264,88,0.408388451,0,0.666666667,,,,,
89,2281,89,0.322174138,1,1,,,,,
90,2298,90,0.283094232,0,0.5,,,,,
91,2315,91,0.272706208,1,1,,,,,
92,2348,92,0.22033303,0,0.5,,,,,
93,2413,93,0.323881755,0,0.666666667,,,,,
94,2430,94,0.494548106,0,0.5,,,,,
95,2455,95,0.285824984,1,1,,,,,
96,2488,96,0.209764359,1,1,,,,,
97,2505,97,0.302928461,0,0.5,,,,,
98,2530,98,0.192476611,1,1,,,,,
99,2555,99,0.269505234,0,0.5,,,,,
100,2580,100,0.516182647,0,0.666666667,,,,,
101,2605,101,0.355530873,0,0.666666667,,,,,
102,2654,102,0.293814451,0,0.666666667,,,,,
103,2679,103,0.405648337,0,0.5,,,,,
104,2728,104,0.292933638,1,1,,,,,
105,2769,105,0.226735677,0,0.5,,,,,
106,2778,106,0.527704655,0,0.5,,,,,
107,2795,107,0.394024354,0,0.5,,,,,
108,2828,108,0.28057439,0,0.5,,,,,
109,2877,109,0.28884038,0,0.5,,,,,
110,2902,110,0.336811455,1,1,,,,,
111,2919,111,0.289535953,0,0.5,,,,,
112,2936,112,0.278322786,0,0.5,,,,,
113,2961,113,0.199175087,1,1,,,,,
114,2994,114,0.23833999,1,1,,,,,
115,3019,115,0.211985108,1,1,,,,,
116,3044,116,0.427561853,0,0.666666667,,,,,
117,3077,117,0.480275288,0,0.5,,,,,
118,3094,118,0.756569863,0,0.666666667,,,,,
119,3111,119,0.535390399,0,0.666666667,,,,,
120,3128,120,0.547752633,0,0.666666667,,,,,
121,3153,121,0.316329936,0,0.5,,,,,
122,3170,122,0.257314477,1,1,,,,,
123,3187,123,0.302320541,0,0.5,,,,,
124,3236,124,0.315830667,0,0.5,0.355020568,0,0.666666667,,
125,3245,125,0.199516301,1,1,,,,,
126,3278,126,0.335671127,0,0.666666667,,,,,
127,3311,127,0.285047817,0,0.666666667,,,,,
128,3336,128,0.557021943,0,0.5,,,,,
129,3353,129,0.268376305,1,1,,,,,
130,3370,130,0.138801861,1,1,,,,,
131,3379,131,0.993459855,0,0.5,,,,,
132,3396,132,0.148683542,1,1,,,,,
133,3445,133,0.323733157,1,1,,,,,
134,3454,134,0.678668287,0,0.666666667,,,,,
135,3487,135,0.414589588,0,0.5,,,,,
136,3512,136,0.163263482,1,1,,,,,
137,3545,137,0.244025782,1,1,,,,,
138,3578,138,0.222848447,1,1,,,,,
139,3603,139,0.606368018,0,0.5,,,,,
140,3620,140,0.178249467,1,1,,,,,
141,3653,141,0.166005487,0,0.666666667,,,,,
142,3678,142,0.465370251,0,0.5,,,,,
143,3703,143,0.15299076,1,1,,,,,
144,3720,144,0.318151913,0,0.5,,,,,
145,3793,145,0.346472092,1,1,,,,,
146,3818,146,0.140600117,1,1,,,,,
147,3835,147,0.434993149,0,0.5,,,,,
148,3900,148,0.382070072,0,0.5,,,,,
149,3925,149,0.304674167,0,0.5,,,,,
150,3942,150,0.402849915,0,0.5,,,,,
151,3983,151,0.273450503,0,0.5,,,,,
152,3992,152,0.181888122,1,1,,,,,
153,4017,153,0.218226548,0,0.5,,,,,
154,4050,154,0.236710508,1,1,,,,,
155,4059,155,0.281802558,0,0.5,,,,,
156,4084,156,0.660343311,0,0.666666667,,,,,
157,4109,157,0.17469547,1,1,,,,,
158,4126,158,0.267114856,1,1,,,,,
159,4167,159,0.329188516,0,0.5,,,,,
160,4184,160,0.235155745,1,1,,,,,
161,4217,161,0.328284987,1,1,,,,,
162,4258,162,0.471755048,0,0.666666667,,,,,
163,4299,163,0.326412939,1,1,,,,,
164,4324,164,0.367474195,0,0.5,,,,,
165,4365,165,0.266417329,1,1,,,,,
166,4390,166,0.428925636,0,0.666666667,,,,,
167,4423,167,0.31177766,0,0.5,,,,,
168,4440,168,0.431735003,0,0.5,,,,,
169,4465,169,0.221364045,1,1,,,,,
170,4482,170,0.3295619,1,1,,,,,
171,4491,171,0.101163812,1,1,,,,,
172,4508,172,0.454011896,0,0.5,,,,,
173,4525,173,0.350441558,0,0.5,,,,,
174,4550,174,0.236195294,0,0.5,,,,,
175,4583,175,0.300260189,1,1,,,,,
176,4592,176,0.383707144,0,0.666666667,,,,,
177,4609,177,0.273268016,0,0.5,,,,,
178,4626,178,0.397738625,0,0.666666667,,,,,
179,4643,179,0.507616169,0,0.5,,,,,
180,4660,180,0.288320667,1,1,,,,,
181,4725,181,0.411902108,1,1,,,,,
182,4742,182,0.417290526,0,0.5,,,,,
183,4775,183,0.28941177,1,1,0.325511693,0,0.5,,
184,4808,184,0.467609275,0,0.5,,,,,
185,4833,185,0.151973749,1,1,,,,,
186,4858,186,0.162550206,1,1,,,,,
187,4875,187,0.161631194,0,0.5,,,,,
188,4900,188,0.217379921,1,1,,,,,
189,4917,189,0.164532526,1,1,,,,,
190,4950,190,0.2836755,0,0.5,,,,,
191,4991,191,0.313386377,1,1,,,,,
192,5016,192,0.332014989,1,1,,,,,
193,5033,193,0.487424611,0,0.5,,,,,
194,5082,194,0.371505408,1,1,,,,,
195,5131,195,0.396411709,1,1,,,,,
196,5148,196,0.510432918,0,0.5,,,,,
197,5173,197,0.173427968,1,1,,,,,
198,5190,198,0.645970742,0,0.666666667,,,,,
199,5263,199,0.269797587,1,1,,,,,
200,5288,200,0.377559607,1,1,,,,,
201,5313,201,0.295589186,1,1,,,,,
202,5338,202,0.428245967,0,0.666666667,,,,,
203,5355,203,0.342328511,1,1,,,,,
204,5388,204,0.247286049,0,0.5,,,,,
205,5413,205,0.278829944,1,1,,,,,
206,5430,206,0.252935111,0,0.666666667,,,,,
207,5463,207,0.277760445,1,1,,,,,
208,5480,208,0.324011989,1,1,,,,,
209,5505,209,0.282432831,1,1,,,,,
210,5522,210,0.216547868,1,1,,,,,
211,5555,211,0.204032919,1,1,,,,,
212,5564,212,0.790599272,0,0.5,,,,,
213,5589,213,0.289444053,0,0.5,,,,,
214,5606,214,0.351270557,0,0.5,,,,,
215,5623,215,0.224718715,1,1,,,,,
216,5648,216,0.174996845,1,1,,,,,
217,5681,217,0.237540037,1,1,,,,,
218,5698,218,0.107401248,1,1,,,,,
219,5715,219,0.281205879,1,1,,,,,
220,5740,220,0.387297782,0,0.5,,,,,
221,5765,221,0.565479268,0,0.666666667,,,,,
222,5782,222,0.782200751,0,0.666666667,,,,,
223,5815,223,0.277033388,0,0.5,,,,,
224,5848,224,0.336640221,0,0.666666667,,,,,
225,5873,225,0.302825226,1,1,,,,,
226,5898,226,0.266878609,1,1,,,,,
227,5915,227,0.239752567,0,0.5,,,,,
228,5948,228,0.326936305,0,0.666666667,,,,,
229,5965,229,0.278608607,1,1,,,,,
230,5990,230,0.239135974,1,1,,,,,
231,6047,231,0.359994947,0,0.5,,,,,
232,6064,232,0.192897117,1,1,,,,,
233,6089,233,0.185448347,1,1,,,,,
234,6122,234,0.243568667,0,0.5,,,,,
235,6139,235,0.557157005,0,0.666666667,,,,,
236,6196,236,0.316878059,1,1,,,,,
237,6213,237,0.212119151,1,1,,,,,
238,6246,238,0.498128317,0,0.5,,,,,
239,6263,239,0.406568816,0,0.666666667,,,,,
240,6280,240,0.433595915,0,0.5,,,,,
241,6305,241,0.194450799,0,0.5,0.16410433,1,1,,
242,6322,242,0.410428494,0,0.666666667,,,,,
243,6355,243,0.22830682,1,1,,,,,
244,6396,244,0.332805266,0,0.666666667,,,,,
245,6421,245,0.218887057,1,1,,,,,
246,6446,246,0.378023323,0,0.666666667,,,,,
247,6463,247,0.58733795,0,0.5,,,,,
248,6480,248,0.214117381,1,1,,,,,
249,6505,249,0.229806519,0,0.666666667,,,,,
250,6538,250,0.342656334,0,0.5,,,,,
251,6555,251,0.385549265,0,0.5,,,,,
252,6628,252,0.301581006,0,0.5,,,,,
253,6645,253,0.501518749,0,0.5,,,,,
254,6670,254,0.263420342,1,1,,,,,
255,6687,255,0.358759069,1,1,,,,,
256,6704,256,0.497714325,0,0.666666667,,,,,
257,6729,257,0.330187394,1,1,,,,,
258,6746,258,0.206200592,1,1,,,,,
259,6771,259,0.240760561,0,0.5,,,,,
260,6804,260,0.333528877,0,0.666666667,,,,,
261,6821,261,0.099798462,1,1,,,,,
262,6846,262,0.19705558,1,1,,,,,
263,6871,263,0.224585589,0,0.5,,,,,
264,6904,264,0.291414054,0,0.5,,,,,
265,6921,265,0.37054272,0,0.666666667,,,,,
266,6938,266,0.2799318,0,0.5,,,,,
267,6979,267,0.303723188,1,1,,,,,
268,7036,268,0.298944439,1,1,,,,,
269,7061,269,0.236342031,1,1,,,,,
270,7086,270,0.194014828,1,1,,,,,
271,7119,271,0.306244162,1,1,,,,,
272,7184,272,0.297657661,1,1,,,,,
273,7209,273,0.362026323,0,0.5,,,,,
274,7234,274,0.227617817,0,0.666666667,,,,,
275,7259,275,0.337668524,1,1,,,,,
276,7276,276,0.201085159,1,1,,,,,
277,7309,277,0.440386094,0,0.5,,,,,
278,7350,278,0.272215294,1,1,,,,,
279,7359,279,0.250237535,1,1,,,,,
280,7376,280,0.344659873,0,0.5,,,,,
281,7393,281,0.329324351,0,0.666666667,,,,,
282,7418,282,0.355320436,1,1,,,,,
283,7451,283,0.331960752,0,0.5,,,,,
284,7468,284,0.338361281,0,0.666666667,,,,,
285,7485,285,0.378372265,0,0.666666667,,,,,
286,7510,286,0.266110476,0,0.5,,,,,
287,7527,287,0.17980894,1,1,,,,,
288,7536,288,0.486359864,0,0.5,,,,,
289,7553,289,0.337937067,0,0.5,,,,,
290,7594,290,0.215082084,1,1,,,,,
291,7651,291,0.311054616,0,0.5,,,,,
292,7668,292,0.246702809,1,1,,,,,
293,7709,293,0.340707818,1,1,,,,,
294,7734,294,0.442493494,0,0.666666667,,,,,
295,7759,295,0.38107023,0,0.666666667,,,,,
296,7776,296,0.135243317,1,1,,,,,
297,7809,297,0.222315608,1,1,0.280279383,1,1,,
298,7826,298,0.213856189,1,1,,,,,
299,7843,299,0.26053506,0,0.5,,,,,
300,7860,300,0.176291918,1,1,,,,,
301,7877,301,0.222966676,0,0.5,,,,,
302,7950,302,0.285165696,1,1,,,,,
303,7967,303,0.373476365,0,0.5,,,,,
304,7992,304,0.382269696,0,0.666666667,,,,,
305,8009,305,0.192726872,0,0.5,,,,,
306,8026,306,0.203282222,0,0.5,,,,,
307,8051,307,0.286117622,1,1,,,,,
308,8068,308,0.182522101,1,1,,,,,
309,8085,309,0.173698739,1,1,,,,,
310,8102,310,0.366355581,0,0.5,,,,,
311,8127,311,0.184985152,1,1,,,,,
312,8152,312,0.522624702,0,0.666666667,,,,,
313,8177,313,0.438177977,0,0.666666667,,,,,
314,8202,314,0.469688555,0,0.666666667,,,,,
315,8227,315,0.257584871,1,1,,,,,
316,8268,316,0.290555873,1,1,,,,,
317,8285,317,0.24545049,1,1,,,,,
318,8302,318,0.392185611,0,0.5,,,,,
319,8319,319,0.260400227,0,0.5,,,,,
320,8336,320,0.199565078,1,1,,,,,
321,8353,321,0.270700156,0,0.666666667,,,,,
322,8386,322,0.184197395,1,1,,,,,
323,8403,323,0.32858434,0,0.5,,,,,
324,8420,324,0.312409799,0,0.5,,,,,
325,8445,325,0.300275447,0,0.5,,,,,
326,8486,326,0.261114563,0,0.5,,,,,
327,8527,327,0.266428843,1,1,,,,,
328,8560,328,0.310410216,1,1,,,,,
329,8633,329,0.349827762,1,1,,,,,
330,8658,330,0.237588912,1,1,,,,,
331,8675,331,0.257145611,1,1,,,,,
332,8700,332,0.30117479,0,0.5,,,,,
333,8725,333,0.307599859,0,0.5,,,,,
334,8742,334,0.393608112,1,1,,,,,
335,8767,335,0.286456608,0,0.666666667,,,,,
336,8792,336,0.435005992,0,0.5,,,,,
337,8833,337,0.181209284,1,1,,,,,
338,8850,338,0.333252522,0,0.5,,,,,
339,8875,339,0.282944919,0,0.5,,,,,
340,8892,340,0.13893392,1,1,,,,,
341,8917,341,0.154655684,1,1,,,,,
342,8950,342,0.302004753,1,1,,,,,
343,8975,343,0.390599792,0,0.666666667,,,,,
344,8992,344,0.251976834,0,0.5,,,,,
345,9009,345,0.3136706,0,0.666666667,,,,,
346,9026,346,0.39130464,0,0.666666667,,,,,
347,9075,347,0.199028839,1,1,,,,,
348,9100,348,0.243944087,1,1,,,,,
349,9125,349,0.262335503,1,1,,,,,
350,9134,350,0.19831261,1,1,,,,,
351,9207,351,0.281051741,1,1,,,,,
352,9248,352,0.251408597,1,1,,,,,
353,9281,353,0.347720054,0,0.5,,,,,
354,9306,354,0.274546429,0,0.5,,,,,
355,9347,355,0.308935269,0,0.666666667,,,,,
356,9372,356,0.293731458,0,0.5,,,,,
357,9397,357,0.292858103,1,1,0.446826802,1,1,,
358,9414,358,0.398783841,0,0.666666667,,,,,
359,9439,359,0.201434154,1,1,,,,,
360,9456,360,0.178436373,1,1,,,,,
361,9473,361,0.294728546,1,1,,,,,
362,9506,362,0.204783557,1,1,,,,,
363,9523,363,0.365196263,0,0.666666667,,,,,
364,9548,364,0.148782776,1,1,,,,,
365,9573,365,0.240878405,1,1,,,,,
366,9598,366,0.303519776,0,0.666666667,,,,,
367,9615,367,0.442216973,0,0.5,,,,,
368,9640,368,0.156776507,1,1,,,,,
369,9721,369,0.290382278,1,1,,,,,
370,9754,370,0.359558538,0,0.5,,,,,
371,9803,371,0.311414829,1,1,,,,,
372,9828,372,0.294503226,1,1,,,,,
373,9853,373,0.405822882,1,1,,,,,
374,9878,374,0.386534389,0,0.5,,,,,
375,9903,375,0.267596521,1,1,,,,,
376,9936,376,0.277049934,1,1,,,,,
377,9953,377,0.35985549,0,0.666666667,,,,,
378,9970,378,0.261360082,0,0.5,,,,,
379,9995,379,0.277567875,1,1,,,,,
380,10028,380,0.300482073,0,0.666666667,,,,,
381,10045,381,0.155953489,1,1,,,,,
382,10078,382,0.505798187,0,0.5,,,,,
383,10095,383,0.388179362,0,0.666666667,,,,,
384,10112,384,0.37744925,0,0.5,,,,,
385,10121,385,0.142606276,1,1,,,,,
386,10138,386,0.273051425,0,0.5,,,,,
387,10155,387,0.194973998,1,1,,,,,
388,10172,388,0.094068228,1,1,,,,,
389,10197,389,0.350351463,1,1,,,,,
390,10214,390,0.106626464,1,1,,,,,
391,10239,391,0.227440262,1,1,,,,,
392,10256,392,0.244860114,0,0.5,,,,,
393,10273,393,0.453704284,0,0.5,,,,,
394,10290,394,0.426238841,1,1,,,,,
395,10315,395,0.289518036,0,0.5,,,,,
396,10332,396,0.277589914,1,1,,,,,
397,10349,397,0.408271525,0,0.5,,,,,
398,10382,398,0.263996946,1,1,,,,,
399,10407,399,0.297229229,0,0.666666667,,,,,
400,10424,400,0.385161276,0,0.5,,,,,
401,10457,401,0.259711168,1,1,,,,,
402,10498,402,0.246792084,1,1,,,,,
403,10531,403,0.208724334,1,1,,,,,
404,10548,404,0.316519946,1,1,,,,,
405,10597,405,0.280893399,1,1,,,,,
406,10614,406,0.337717744,0,0.5,,,,,
407,10631,407,0.334706096,0,0.5,,,,,
408,10648,408,0.184285668,1,1,,,,,
409,10665,409,0.137928218,1,1,,,,,
410,10690,410,0.313962182,0,0.5,,,,,
411,10699,411,0.181288937,1,1,,,,,
412,10732,412,0.424666177,1,1,,,,,
413,10757,413,0.429053123,0,0.5,,,,,
414,10774,414,0.350238947,1,1,,,,,
415,10791,415,0.090026649,1,1,,,,,
416,10808,416,0.29222126,0,0.666666667,,,,,
417,10825,417,0.232204022,0,0.666666667,,,,,
418,10850,418,0.187402183,0,0.666666667,,,,,
419,10891,419,0.330707651,1,1,,,,,
420,10908,420,0.286477782,0,0.5,,,,,
421,10965,421,0.382046532,1,1,,,,,
422,10982,422,0.235327143,1,1,0.210890493,1,1,,
423,10999,423,0.192348726,1,1,,,,,
424,11016,424,0.35650755,0,0.5,,,,,
425,11033,425,0.10134795,1,1,,,,,
426,11050,426,0.285589952,0,0.5,,,,,
427,11067,427,0.549100276,0,0.666666667,,,,,
428,11092,428,0.265469461,1,1,,,,,
429,11109,429,0.363501552,0,0.5,,,,,
430,11126,430,0.196602687,1,1,,,,,
431,11143,431,0.32437225,0,0.5,,,,,
432,11160,432,0.109288402,1,1,,,,,
433,11193,433,0.200129608,1,1,,,,,
434,11210,434,0.451069751,0,0.666666667,,,,,
435,11235,435,0.314875626,0,0.666666667,,,,,
436,11252,436,0.465107408,0,0.5,,,,,
437,11277,437,0.169464184,1,1,,,,,
438,11294,438,0.399547903,0,0.666666667,,,,,
439,11367,439,0.33856512,0,0.666666667,,,,,
440,11384,440,0.438618981,0,0.666666667,,,,,
441,11409,441,0.290662975,0,0.5,,,,,
442,11426,442,0.417042255,0,0.666666667,,,,,
443,11451,443,0.126131291,1,1,,,,,
444,11468,444,0.255532235,1,1,,,,,
445,11485,445,0.177828659,1,1,,,,,
446,11502,446,0.356636736,0,0.5,,,,,
447,11511,447,0.581712834,0,0.5,,,,,
448,11536,448,0.23547993,1,1,,,,,
449,11561,449,0.153769968,1,1,,,,,
450,11594,450,0.41255495,0,0.5,,,,,
451,11611,451,0.189561997,1,1,,,,,
452,11628,452,0.4199341,0,0.5,,,,,
453,11661,453,0.226318962,1,1,,,,,
454,11678,454,0.224485724,1,1,,,,,
455,11703,455,0.380491339,0,0.666666667,,,,,
456,11728,456,0.216415825,0,0.5,,,,,
457,11753,457,0.236183835,0,0.666666667,,,,,
458,11770,458,0.32924779,0,0.5,,,,,
459,11787,459,0.153879325,1,1,,,,,
460,11812,460,0.179184389,1,1,,,,,
461,11829,461,0.187316953,1,1,,,,,
462,11894,462,0.354138537,1,1,,,,,
463,11927,463,0.194293528,1,1,,,,,
464,11952,464,0.317993899,1,1,,,,,
465,11961,465,0.498459022,0,0.5,,,,,
466,12026,466,0.29962009,0,0.5,,,,,
467,12051,467,0.271401956,1,1,,,,,
468,12068,468,0.25879617,1,1,,,,,
469,12085,469,0.327006304,0,0.5,,,,,
470,12110,470,0.233647287,1,1,,,,,
471,12127,471,0.398090344,0,0.5,,,,,
472,12160,472,0.245234524,1,1,,,,,
473,12177,473,0.35907299,0,0.5,,,,,
474,12194,474,0.348020658,0,0.666666667,,,,,
475,12267,475,0.250396692,1,1,,,,,
476,12292,476,0.248367698,1,1,,,,,
477,12317,477,0.300672338,1,1,,,,,
478,12350,478,0.252161582,1,1,,,,,
479,12375,479,0.457411688,0,0.5,,,,,
480,12400,480,0.177416191,0,0.5,,,,,
481,12417,481,0.181583468,1,1,,,,,
482,12426,482,0.24768861,1,1,,,,,
483,12451,483,0.326830637,0,0.5,,,,,
484,12500,484,0.237404124,1,1,,,,,
485,12549,485,0.202339344,1,1,0.421076106,0,0.666666667,,
486,12598,486,0.312064396,0,0.666666667,,,,,
487,12615,487,0.14089592,1,1,,,,,
488,12640,488,0.18518077,1,1,,,,,
489,12657,489,0.17149156,0,0.5,,,,,
490,12682,490,0.256538708,0,0.5,,,,,
491,12699,491,0.19944947,1,1,,,,,
492,12724,492,0.280313914,0,0.5,,,,,
493,12757,493,0.157139243,1,1,,,,,
494,12798,494,0.318124532,0,0.5,,,,,
495,12823,495,0.535353038,0,0.666666667,,,,,
496,12856,496,0.217857355,1,1,,,,,
497,12881,497,0.162830862,1,1,,,,,
498,12922,498,0.41638026,0,0.666666667,,,,,
499,12963,499,0.306470215,1,1,,,,,
500,12996,500,0.358853444,1,1,,,,,
501,13029,501,0.273304407,1,1,,,,,
502,13046,502,0.126571454,1,1,,,,,
503,13071,503,0.243966639,1,1,,,,,
504,13088,504,0.183968331,0,0.5,,,,,
505,13121,505,0.295815441,0,0.666666667,,,,,
506,13138,506,0.313226083,0,0.5,,,,,
507,13171,507,0.304321993,0,0.666666667,,,,,
508,13188,508,0.257590621,1,1,,,,,
509,13205,509,0.409403328,0,0.5,,,,,
510,13238,510,0.232312529,1,1,,,,,
511,13263,511,0.263151699,1,1,,,,,
512,13280,512,0.244322114,0,0.5,,,,,
513,13305,513,0.255666986,0,0.5,,,,,
514,13322,514,0.300972112,0,0.5,,,,,
515,13339,515,0.338203684,0,0.5,,,,,
516,13364,516,0.306214357,1,1,,,,,
517,13381,517,0.261297156,1,1,,,,,
518,13398,518,0.266101411,0,0.5,,,,,
519,13439,519,0.316619194,0,0.5,,,,,
520,13464,520,0.205610548,1,1,,,,,
521,13513,521,0.272178282,1,1,,,,,
522,13546,522,0.302974954,1,1,,,,,
523,13563,523,0.188877967,1,1,,,,,
524,13580,524,0.257863822,1,1,,,,,
525,13605,525,0.614770911,0,0.5,,,,,
526,13630,526,0.253990392,1,1,,,,,
527,13655,527,0.383971119,0,0.5,,,,,
528,13696,528,0.341351593,0,0.666666667,,,,,
529,13713,529,0.249204233,0,0.666666667,,,,,
530,13730,530,0.23914193,1,1,,,,,
531,13763,531,0.172069541,0,0.5,,,,,
532,13780,532,0.200953038,0,0.5,,,,,
533,13797,533,0.365190831,0,0.666666667,,,,,
534,13838,534,0.20684477,1,1,,,,,
535,13863,535,0.238202119,1,1,,,,,
536,13904,536,0.272141607,0,0.5,,,,,
537,13977,537,0.350895597,1,1,,,,,
538,14018,538,0.276353219,1,1,,,,,
539,14043,539,0.227144764,0,0.5,,,,,
540,14068,540,0.229129134,1,1,,,,,
541,14093,541,0.234967395,1,1,,,,,
542,14110,542,0.106792371,1,1,,,,,
543,14135,543,0.283902149,1,1,0.252340098,0,0.666666667,,
544,14184,544,0.238314225,1,1,,,,,
545,14201,545,0.207299847,0,0.666666667,,,,,
546,14226,546,0.17659391,1,1,,,,,
547,14243,547,0.626122441,0,0.5,,,,,
548,14268,548,0.449540021,0,0.666666667,,,,,
549,14293,549,0.315446257,1,1,,,,,
550,14342,550,0.226333086,1,1,,,,,
551,14383,551,0.203599394,1,1,,,,,
552,14416,552,0.201975844,1,1,,,,,
553,14441,553,0.169562413,1,1,,,,,
554,14474,554,0.147580188,1,1,,,,,
555,14499,555,0.188353658,1,1,,,,,
556,14516,556,0.223490228,1,1,,,,,
557,14541,557,0.343792307,1,1,,,,,
558,14566,558,0.216741888,1,1,,,,,
559,14583,559,0.178403747,1,1,,,,,
560,14632,560,0.262925572,0,0.5,,,,,
561,14657,561,0.50157315,0,0.5,,,,,
562,14682,562,0.276428435,1,1,,,,,
563,14699,563,0.206676588,1,1,,,,,
564,14724,564,0.516515237,0,0.5,,,,,
565,14741,565,0.217189585,1,1,,,,,
566,14758,566,0.545549399,0,0.5,,,,,
567,14783,567,0.360956443,0,0.5,,,,,
568,14800,568,0.257102624,0,0.666666667,,,,,
569,14817,569,0.173522882,1,1,,,,,
570,14834,570,0.147962077,1,1,,,,,
571,14843,571,0.089105965,1,1,,,,,
572,14868,572,0.225065838,1,1,,,,,
573,14893,573,0.293690795,0,0.666666667,,,,,
574,14910,574,0.153505382,1,1,,,,,
575,14927,575,0.263380413,0,0.666666667,,,,,
576,14944,576,0.07693846,1,1,,,,,
577,14961,577,0.507278876,0,0.5,,,,,
578,14986,578,0.314653243,0,0.666666667,,,,,
579,15011,579,0.243721214,1,1,,,,,
580,15036,580,0.41193356,0,0.5,,,,,
581,15053,581,0.234384156,1,1,,,,,
582,15070,582,0.500679911,0,0.5,,,,,
583,15087,583,0.151832858,1,1,,,,,
584,15120,584,0.325068248,0,0.5,,,,,
585,15137,585,0.332003035,0,0.666666667,,,,,
586,15154,586,0.258876805,0,0.5,,,,,
587,15179,587,0.339372441,0,0.5,,,,,
588,15212,588,0.348081328,0,0.5,,,,,
589,15245,589,0.386652869,0,0.5,,,,,
590,15278,590,0.254414558,1,1,,,,,
591,15295,591,0.18585481,1,1,,,,,
592,15312,592,0.301846782,0,0.666666667,,,,,
593,15337,593,0.312509591,1,1,,,,,
594,15362,594,0.328724366,1,1,,,,,
595,15387,595,0.357674275,1,1,,,,,
596,15404,596,0.455968359,1,1,,,,,
597,15421,597,0.239567313,1,1,,,,,
598,15446,598,0.277452672,1,1,,,,,
599,15471,599,0.237567362,1,1,,,,,
600,15488,600,0.22053748,0,0.666666667,,,,,
601,15561,601,0.215919153,1,1,,,,0.516666651,0.498148148
602,15578,602,0.088724744,1,1,,,,,
603,15603,603,0.132169066,1,1,,,,,
604,15620,604,0.116605513,1,1,,,,,
605,15637,605,0.473033905,0,0.5,,,,,
606,15686,606,0.191268486,1,1,0.260171023,0,0.666666667,,
607,15719,607,0.184146637,1,1,,,,,
608,15736,608,0.186437925,1,1,,,,,
609,15761,609,0.265499928,1,1,,,,,
610,15778,610,0.188335776,1,1,,,,,
611,15803,611,0.210468539,1,1,,,,,
612,15828,612,0.217976932,1,1,,,,,
613,15845,613,0.082560069,1,1,,,,,
614,15870,614,0.227427048,0,0.5,,,,,
615,15903,615,0.439628202,0,0.666666667,,,,,
616,15952,616,0.237069366,1,1,,,,,
617,15977,617,0.293048927,0,0.666666667,,,,,
618,16002,618,0.189404387,0,0.666666667,,,,,
619,16035,619,0.242112021,0,0.5,,,,,
620,16052,620,0.239310559,0,0.666666667,,,,,
621,16077,621,0.128135096,1,1,,,,,
622,16094,622,0.246949369,0,0.5,,,,,
623,16119,623,0.137660388,1,1,,,,,
624,16136,624,0.271193627,0,0.5,,,,,
625,16161,625,0.173959178,1,1,,,,,
626,16194,626,0.140286424,1,1,,,,,
627,16243,627,0.247807319,0,0.666666667,,,,,
628,16276,628,0.182964034,0,0.666666667,,,,,
629,16293,629,0.198454573,0,0.5,,,,,
630,16334,630,0.279167585,0,0.5,,,,,
631,16359,631,0.260476532,0,0.666666667,,,,,
632,16376,632,0.114775484,1,1,,,,,
633,16401,633,0.227448549,1,1,,,,,
634,16426,634,0.235106431,0,0.5,,,,,
635,16443,635,0.102107115,1,1,,,,,
636,16468,636,0.188593476,1,1,,,,,
637,16501,637,0.258551854,1,1,,,,,
638,16518,638,0.628744096,0,0.666666667,,,,,
639,16543,639,0.114603006,1,1,,,,,
640,16560,640,0.371311868,0,0.5,,,,,
641,16577,641,0.112743477,1,1,,,,,
642,16602,642,0.185410978,1,1,,,,,
643,16675,643,0.238060241,1,1,,,,,
644,16700,644,0.251707729,1,1,,,,,
645,16717,645,0.167904508,1,1,,,,,
646,16742,646,0.249047764,1,1,,,,,
647,16759,647,0.204189724,1,1,,,,,
648,16776,648,0.123810094,1,1,,,,,
649,16801,649,0.155545534,1,1,,,,,
650,16834,650,0.263794578,1,1,,,,,
651,16851,651,0.148515349,1,1,,,,,
652,16876,652,0.252429124,0,0.5,,,,,
653,16901,653,0.271238907,1,1,,,,,
654,16918,654,0.262255108,0,0.5,,,,,
655,16943,655,0.107892396,1,1,,,,,
656,16984,656,0.222205307,1,1,,,,,
657,17001,657,0.103055424,1,1,,,,,
658,17018,658,0.136600918,1,1,,,,,
659,17043,659,0.219300898,1,1,,,,,
660,17076,660,0.166493599,1,1,,,,,
661,17093,661,0.184392478,1,1,,,,,
662,17126,662,0.166273499,1,1,,,,,
663,17151,663,0.281905415,0,0.666666667,,,,,
664,17168,664,0.185223551,0,0.5,,,,,
665,17185,665,0.121033455,1,1,,,,,
666,17210,666,0.163237751,1,1,,,,,
667,17227,667,0.069790747,1,1,,,,,
668,17236,668,0.537448642,0,0.5,0.221882479,1,1,,
669,17261,669,0.146379283,1,1,,,,,
670,17310,670,0.306501014,1,1,,,,,
671,17335,671,0.271724076,0,0.5,,,,,
672,17352,672,0.185221944,1,1,,,,,
673,17417,673,0.219099372,1,1,,,,,
674,17442,674,0.158533968,1,1,,,,,
675,17467,675,0.16917504,0,0.5,,,,,
676,17492,676,0.234715592,1,1,,,,,
677,17533,677,0.195633826,1,1,,,,,
678,17558,678,0.181037654,1,1,,,,,
679,17575,679,0.289226735,1,1,,,,,
680,17592,680,0.100677595,1,1,,,,,
681,17617,681,0.14531621,1,1,,,,,
682,17642,682,0.112784337,1,1,,,,,
683,17659,683,0.129095061,1,1,,,,,
684,17676,684,0.339507252,0,0.5,,,,,
685,17717,685,0.259668068,1,1,,,,,
686,17734,686,0.193772582,1,1,,,,,
687,17751,687,0.409194112,0,0.5,,,,,
688,17768,688,0.078970893,1,1,,,,,
689,17793,689,0.371681615,0,0.5,,,,,
690,17842,690,0.299685623,1,1,,,,,
691,17859,691,0.23660615,1,1,,,,,
692,17876,692,0.22568984,1,1,,,,,
693,17893,693,0.323547756,0,0.5,,,,,
694,17958,694,0.236200515,1,1,,,,,
695,17991,695,0.175622897,1,1,,,,,
696,18016,696,0.184325307,1,1,,,,,
697,18041,697,0.161919799,1,1,,,,,
698,18066,698,0.166940826,1,1,,,,,
699,18083,699,0.204603906,1,1,,,,,
700,18108,700,0.176110259,1,1,,,,,
701,18133,701,0.345034563,0,0.666666667,,,,,
702,18158,702,0.161301969,1,1,,,,,
703,18175,703,0.116782376,1,1,,,,,
704,18192,704,0.206476774,1,1,,,,,
705,18217,705,0.298700187,0,0.666666667,,,,,
706,18234,706,0.115621144,1,1,,,,,
707,18259,707,0.257970465,0,0.5,,,,,
708,18284,708,0.186302984,1,1,,,,,
709,18341,709,0.264205289,1,1,,,,,
710,18366,710,0.086411441,1,1,,,,,
711,18407,711,0.323348444,1,1,,,,,
712,18432,712,0.272280368,1,1,,,,,
713,18449,713,0.217389373,1,1,,,,,
714,18466,714,0.318494624,0,0.5,,,,,
715,18499,715,0.226267093,1,1,,,,,
716,18524,716,0.274080517,1,1,,,,,
717,18565,717,0.141077069,1,1,,,,,
718,18590,718,0.149141561,1,1,,,,,
719,18623,719,0.20675371,1,1,,,,,
720,18672,720,0.22007551,1,1,,,,,
721,18689,721,0.068660207,1,1,,,,,
722,18706,722,0.129478799,1,1,,,,,
723,18723,723,0.141664264,1,1,,,,,
724,18740,724,0.181938263,1,1,,,,,
725,18765,725,0.244538427,0,0.5,0.381438531,0,0.666666667,,
726,18806,726,0.181572967,1,1,,,,,
727,18831,727,0.177755919,0,0.666666667,,,,,
728,18848,728,0.138962353,1,1,,,,,
729,18865,729,0.406501297,0,0.666666667,,,,,
730,18890,730,0.14721629,1,1,,,,,
731,18907,731,0.31825383,0,0.666666667,,,,,
732,18924,732,0.182719805,1,1,,,,,
733,18941,733,0.091530187,1,1,,,,,
734,18974,734,0.327291291,0,0.5,,,,,
735,18991,735,0.286332869,0,0.666666667,,,,,
736,19016,736,0.268183872,1,1,,,,,
737,19041,737,0.156732088,1,1,,,,,
738,19066,738,0.194394167,1,1,,,,,
739,19099,739,0.207215914,1,1,,,,,
740,19124,740,0.184504459,1,1,,,,,
741,19149,741,0.230585165,1,1,,,,,
742,19166,742,0.156814396,1,1,,,,,
743,19183,743,0.171202657,1,1,,,,,
744,19232,744,0.146583699,1,1,,,,,
745,19289,745,0.268217755,0,0.5,,,,,
746,19306,746,0.182835206,0,0.5,,,,,
747,19323,747,0.050412214,1,1,,,,,
748,19356,748,0.18287462,1,1,,,,,
749,19373,749,0.213783151,1,1,,,,,
750,19406,750,0.19818672,1,1,,,,,
751,19423,751,0.239429685,0,0.5,,,,,
752,19448,752,0.184059526,1,1,,,,,
753,19473,753,0.273140416,1,1,,,,,
754,19498,754,0.185025056,1,1,,,,,
755,19523,755,0.225010626,1,1,,,,,
756,19548,756,0.145141696,1,1,,,,,
757,19565,757,0.130654436,1,1,,,,,
758,19590,758,0.339968848,0,0.5,,,,,
759,19647,759,0.283536702,0,0.5,,,,,
760,19672,760,0.156511576,1,1,,,,,
761,19689,761,0.140515364,1,1,,,,,
762,19706,762,0.230513876,0,0.5,,,,,
763,19763,763,0.271436613,1,1,,,,,
764,19788,764,0.299477431,0,0.5,,,,,
765,19813,765,0.164172443,1,1,,,,,
766,19838,766,0.466967021,0,0.666666667,,,,,
767,19855,767,0.099222494,1,1,,,,,
768,19888,768,0.179725503,1,1,,,,,
769,19897,769,0.339210139,0,0.666666667,,,,,
770,19914,770,0.074843983,1,1,,,,,
771,19947,771,0.429054711,0,0.666666667,,,,,
772,19964,772,0.182271714,0,0.5,,,,,
773,19981,773,0.250499951,0,0.666666667,,,,,
774,19998,774,0.054939757,1,1,,,,,
775,20015,775,0.196592496,1,1,,,,,
776,20040,776,0.238357317,1,1,,,,,
777,20065,777,0.138312587,1,1,,,,,
778,20082,778,0.249852024,1,1,,,,,
779,20099,779,0.159790515,1,1,,,,,
780,20132,780,0.255963117,1,1,,,,,
781,20149,781,0.299434751,0,0.666666667,,,,,
782,20222,782,0.28036937,1,1,,,,,
783,20239,783,0.232996399,1,1,,,,,
784,20256,784,0.481293018,0,0.666666667,,,,,
785,20289,785,0.166309324,1,1,,,,,
786,20322,786,0.267909626,1,1,,,,,
787,20355,787,0.190485992,1,1,0.302040065,1,1,,
788,20388,788,0.209275998,1,1,,,,,
789,20413,789,0.295935486,0,0.5,,,,,
790,20430,790,0.384077492,0,0.5,,,,,
791,20447,791,0.134353005,1,1,,,,,
792,20480,792,0.225579835,1,1,,,,,
793,20497,793,0.234268032,1,1,,,,,
794,20522,794,0.187734926,1,1,,,,,
795,20539,795,0.340199574,0,0.5,,,,,
796,20572,796,0.180640091,1,1,,,,,
797,20581,797,0.132501481,1,1,,,,,
798,20598,798,0.163169526,1,1,,,,,
799,20623,799,0.146356918,1,1,,,,,
800,20640,800,0.201965618,1,1,,,,,
801,20665,801,0.243149055,1,1,,,,,
802,20682,802,0.156382257,0,0.5,,,,,
803,20723,803,0.281954714,1,1,,,,,
804,20748,804,0.319084456,1,1,,,,,
805,20765,805,0.152212111,1,1,,,,,
806,20782,806,0.145133334,1,1,,,,,
807,20807,807,0.224798675,0,0.5,,,,,
808,20824,808,0.184540245,1,1,,,,,
809,20849,809,0.195893613,1,1,,,,,
810,20866,810,0.110804925,1,1,,,,,
811,20891,811,0.258765763,0,0.5,,,,,
812,20916,812,0.170546134,1,1,,,,,
813,20981,813,0.293741437,0,0.666666667,,,,,
814,20998,814,0.139120882,1,1,,,,,
815,21023,815,0.17738763,1,1,,,,,
816,21040,816,0.192389158,1,1,,,,,
817,21073,817,0.188838739,1,1,,,,,
818,21098,818,0.330528918,0,0.5,,,,,
819,21131,819,0.367950125,0,0.5,,,,,
820,21164,820,0.272925966,0,0.666666667,,,,,
821,21181,821,0.363590688,0,0.5,,,,,
822,21222,822,0.25693774,1,1,,,,,
823,21247,823,0.240711794,0,0.5,,,,,
824,21320,824,0.256161812,0,0.5,,,,,
825,21345,825,0.275267641,1,1,,,,,
826,21354,826,0.220226819,1,1,,,,,
827,21379,827,0.239839654,1,1,,,,,
828,21404,828,0.221905445,1,1,,,,,
829,21437,829,0.199581936,1,1,,,,,
830,21462,830,0.095348039,1,1,,,,,
831,21471,831,0.099101671,1,1,,,,,
832,21496,832,0.261735919,0,0.666666667,,,,,
833,21505,833,0.15966588,1,1,,,,,
834,21538,834,0.162332695,1,1,,,,,
835,21555,835,0.292097766,0,0.5,,,,,
836,21580,836,0.232834537,1,1,,,,,
837,21597,837,0.311942537,0,0.666666667,,,,,
838,21614,838,0.115365798,1,1,,,,,
839,21647,839,0.230002664,1,1,,,,,
840,21664,840,0.278801785,0,0.666666667,,,,,
841,21681,841,0.249417534,0,0.5,,,,,
842,21706,842,0.235768408,1,1,,,,,
843,21731,843,0.1582501,1,1,,,,,
844,21748,844,0.176328529,1,1,,,,,
845,21813,845,0.357334723,1,1,,,,,
846,21830,846,0.294080133,0,0.5,,,,,
847,21847,847,0.158108806,0,0.666666667,,,,,
848,21864,848,0.165848412,1,1,,,,,
849,21945,849,0.239902015,1,1,0.284644528,0,0.666666667,,
850,22018,850,0.266062125,1,1,,,,,
851,22051,851,0.200579454,1,1,,,,,
852,22084,852,0.146160693,1,1,,,,,
853,22117,853,0.176686187,1,1,,,,,
854,22134,854,0.174034501,0,0.666666667,,,,,
855,22175,855,0.345618181,0,0.5,,,,,
856,22248,856,0.206453503,1,1,,,,,
857,22273,857,0.309509588,0,0.5,,,,,
858,22306,858,0.248304126,1,1,,,,,
859,22355,859,0.263020644,1,1,,,,,
860,22372,860,0.42891187,0,0.5,,,,,
861,22397,861,0.443518801,0,0.5,,,,,
862,22422,862,0.175031112,1,1,,,,,
863,22447,863,0.169686282,1,1,,,,,
864,22464,864,0.166818976,1,1,,,,,
865,22497,865,0.225426287,1,1,,,,,
866,22522,866,0.263433212,0,0.5,,,,,
867,22539,867,0.142316065,1,1,,,,,
868,22556,868,0.247115001,1,1,,,,,
869,22573,869,0.575646332,0,0.5,,,,,
870,22606,870,0.291570821,0,0.5,,,,,
871,22631,871,0.24203851,1,1,,,,,
872,22648,872,0.206539696,1,1,,,,,
873,22697,873,0.162752713,1,1,,,,,
874,22730,874,0.329866294,1,1,,,,,
875,22747,875,0.154339999,0,0.666666667,,,,,
876,22772,876,0.168703451,1,1,,,,,
877,22797,877,0.259171849,0,0.5,,,,,
878,22822,878,0.310939365,1,1,,,,,
879,22847,879,0.142439775,1,1,,,,,
880,22880,880,0.182434464,1,1,,,,,
881,22905,881,0.204777813,0,0.5,,,,,
882,22938,882,0.205841004,1,1,,,,,
883,22963,883,0.134360624,1,1,,,,,
884,22988,884,0.13519067,1,1,,,,,
885,23005,885,0.247418951,0,0.666666667,,,,,
886,23030,886,0.09741966,1,1,,,,,
887,23047,887,0.459449244,0,0.5,,,,,
888,23072,888,0.244728961,0,0.5,,,,,
889,23105,889,0.152594388,1,1,,,,,
890,23138,890,0.244387202,1,1,,,,,
891,23163,891,0.360030854,1,1,,,,,
892,23196,892,0.201939389,0,0.5,,,,,
893,23237,893,0.242586294,1,1,,,,,
894,23278,894,0.197456198,0,0.5,,,,,
895,23303,895,0.220034186,1,1,,,,,
896,23328,896,0.119554925,1,1,,,,,
897,23345,897,0.114379446,1,1,,,,,
898,23362,898,0.134683089,1,1,,,,,
899,23379,899,0.31425547,0,0.666666667,,,,,
900,23404,900,0.19643636,1,1,,,,,
901,23437,901,0.2198646,0,0.666666667,,,,,
902,23470,902,0.189568736,1,1,,,,,
903,23487,903,0.190720628,1,1,,,,,
904,23504,904,0.200542918,0,0.666666667,,,,,
905,23529,905,0.220944607,0,0.5,0.207828348,1,1,,
906,23546,906,0.189597159,1,1,,,,,
907,23563,907,0.291003403,0,0.5,,,,,
908,23588,908,0.240969132,0,0.666666667,,,,,
909,23597,909,0.141581715,1,1,,,,,
910,23622,910,0.247789066,0,0.666666667,,,,,
911,23647,911,0.210724379,0,0.5,,,,,
912,23672,912,0.226683949,1,1,,,,,
913,23713,913,0.27796579,1,1,,,,,
914,23762,914,0.283032044,0,0.666666667,,,,,
915,23787,915,0.12649178,1,1,,,,,
916,23844,916,0.353945203,0,0.5,,,,,
917,23853,917,0.131826454,1,1,,,,,
918,23878,918,0.16460129,1,1,,,,,
919,23951,919,0.282917525,1,1,,,,,
920,23992,920,0.247541025,1,1,,,,,
921,24009,921,0.147374143,1,1,,,,,
922,24034,922,0.227684955,0,0.5,,,,,
923,24051,923,0.142676237,1,1,,,,,
924,24068,924,0.451875479,0,0.5,,,,,
925,24085,925,0.252824447,0,0.5,,,,,
926,24134,926,0.179797469,1,1,,,,,
927,24159,927,0.167807117,1,1,,,,,
928,24184,928,0.204261516,0,0.5,,,,,
929,24209,929,0.198583356,1,1,,,,,
930,24234,930,0.328687876,1,1,,,,,
931,24251,931,0.376315415,0,0.666666667,,,,,
932,24268,932,0.740939369,0,0.666666667,,,,,
933,24285,933,0.194070718,1,1,,,,,
934,24310,934,0.361786884,0,0.666666667,,,,,
935,24343,935,0.17259291,1,1,,,,,
936,24360,936,0.14183115,1,1,,,,,
937,24377,937,0.505389448,0,0.666666667,,,,,
938,24394,938,0.147680104,1,1,,,,,
939,24419,939,0.224745051,1,1,,,,,
940,24452,940,0.207800995,0,0.5,,,,,
941,24477,941,0.184104449,1,1,,,,,
942,24502,942,0.162139108,1,1,,,,,
943,24527,943,0.13792042,1,1,,,,,
944,24544,944,0.267711448,1,1,,,,,
945,24569,945,0.18507251,1,1,,,,,
946,24586,946,0.066046649,1,1,,,,,
947,24603,947,0.227894937,1,1,,,,,
948,24620,948,0.162711459,1,1,,,,,
949,24637,949,0.2468187,0,0.5,,,,,
950,24654,950,0.115720507,1,1,,,,,
951,24687,951,0.241215141,0,0.5,,,,,
952,24704,952,0.178035641,1,1,,,,,
953,24729,953,0.179931524,1,1,,,,,
954,24754,954,0.361511947,0,0.5,,,,,
955,24795,955,0.37060464,0,0.5,,,,,
956,24828,956,0.23958667,1,1,,,,,
957,24853,957,0.125210936,1,1,,,,,
958,24870,958,0.220855946,1,1,,,,,
959,24935,959,0.273453893,1,1,,,,,
960,24952,960,0.157126753,0,0.666666667,,,,,
961,24977,961,0.383486943,0,0.666666667,,,,,
962,24994,962,0.265744566,0,0.666666667,,,,,
963,25011,963,0.256739889,0,0.5,,,,,
964,25036,964,0.23578309,0,0.666666667,,,,,
965,25053,965,0.187628142,1,1,,,,,
966,25078,966,0.365567211,1,1,,,,,
967,25095,967,0.049246094,1,1,0.277879581,0,0.666666667,,
968,25128,968,0.126424733,1,1,,,,,
969,25153,969,0.245906902,0,0.5,,,,,
970,25170,970,0.156207671,1,1,,,,,
971,25211,971,0.314236443,0,0.666666667,,,,,
972,25236,972,0.256655727,0,0.5,,,,,
973,25285,973,0.198182483,1,1,,,,,
974,25302,974,0.285293111,0,0.666666667,,,,,
975,25335,975,0.325196265,1,1,,,,,
976,25352,976,0.13214049,1,1,,,,,
977,25369,977,0.211732515,0,0.666666667,,,,,
978,25386,978,0.401580696,0,0.5,,,,,
979,25419,979,0.283428992,0,0.5,,,,,
980,25444,980,0.251049444,0,0.5,,,,,
981,25493,981,0.197808466,1,1,,,,,
982,25518,982,0.179215362,1,1,,,,,
983,25535,983,0.147745414,1,1,,,,,
984,25560,984,0.191983254,1,1,,,,,
985,25585,985,0.149179331,1,1,,,,,
986,25642,986,0.229824872,1,1,,,,,
987,25659,987,0.170198443,1,1,,,,,
988,25692,988,0.185030694,1,1,,,,,
989,25741,989,0.334515706,0,0.5,,,,,
990,25766,990,0.180182533,0,0.5,,,,,
991,25807,991,0.173092997,1,1,,,,,
992,25856,992,0.234614421,1,1,,,,,
993,25881,993,0.204501977,1,1,,,,,
994,25898,994,0.342298416,1,1,,,,,
995,25915,995,0.164675454,1,1,,,,,
996,25948,996,0.204256896,1,1,,,,,
997,25997,997,0.201818777,1,1,,,,,
998,26022,998,0.157612802,1,1,,,,,
999,26047,999,0.083046576,1,1,,,,,
1000,26072,1000,0.118409702,1,1,,,,,
1001,26105,1001,0.198079271,1,1,,,,,
1002,26138,1002,0.17814769,1,1,,,,,
1003,26147,1003,0.659263447,0,0.666666667,,,,,
1004,26164,1004,0.181565759,1,1,,,,,
1005,26189,1005,0.225235563,0,0.666666667,,,,,
1006,26214,1006,0.182374824,1,1,,,,,
1007,26231,1007,0.141188828,1,1,,,,,
1008,26272,1008,0.204599079,1,1,,,,,
1009,26289,1009,0.161576242,1,1,,,,,
1010,26306,1010,0.292243979,1,1,,,,,
1011,26331,1011,0.25962143,1,1,,,,,
1012,26356,1012,0.123742686,1,1,,,,,
1013,26381,1013,0.255592076,1,1,,,,,
1014,26398,1014,0.165842382,1,1,,,,,
1015,26431,1015,0.36578752,1,1,,,,,
1016,26440,1016,0.040678726,1,1,,,,,
1017,26457,1017,0.120714215,1,1,,,,,
1018,26474,1018,0.138097545,1,1,,,,,
1019,26499,1019,0.263368196,1,1,,,,,
1020,26516,1020,0.145820141,1,1,,,,,
1021,26541,1021,0.189278756,1,1,,,,,
1022,26550,1022,0.349324339,0,0.5,,,,,
1023,26567,1023,0.179619664,1,1,,,,,
1024,26592,1024,0.307014096,1,1,,,,,
1025,26625,1025,0.142847883,1,1,,,,,
1026,26642,1026,0.444480272,0,0.666666667,0.433947026,0,0.5,,
1027,26667,1027,0.120251581,1,1,,,,,
1028,26684,1028,0.196801997,1,1,,,,,
1029,26701,1029,0.289342425,1,1,,,,,
1030,26734,1030,0.221994947,1,1,,,,,
1031,26759,1031,0.157442333,1,1,,,,,
1032,26784,1032,0.18336891,1,1,,,,,
1033,26825,1033,0.236063199,1,1,,,,,
1034,26858,1034,0.112371186,1,1,,,,,
1035,26883,1035,0.178827608,1,1,,,,,
1036,26908,1036,0.127200559,1,1,,,,,
1037,26949,1037,0.161528926,1,1,,,,,
1038,26958,1038,0.174545136,1,1,,,,,
1039,26975,1039,0.071661441,1,1,,,,,
1040,27008,1040,0.175532014,0,0.666666667,,,,,
1041,27025,1041,0.307611655,1,1,,,,,
1042,27042,1042,0.146288328,1,1,,,,,
1043,27059,1043,0.261533062,0,0.5,,,,,
1044,27100,1044,0.258364777,1,1,,,,,
1045,27125,1045,0.217590347,1,1,,,,,
1046,27150,1046,0.244028913,1,1,,,,,
1047,27223,1047,0.256564303,1,1,,,,,
1048,27256,1048,0.257514024,1,1,,,,,
1049,27273,1049,0.175662604,1,1,,,,,
1050,27290,1050,0.04841864,1,1,,,,,
1051,27355,1051,0.310839517,1,1,,,,,
1052,27372,1052,0.228087606,1,1,,,,,
1053,27397,1053,0.15046395,1,1,,,,,
1054,27414,1054,0.2383473,0,0.5,,,,,
1055,27431,1055,0.308044363,0,0.5,,,,,
1056,27456,1056,0.180607521,0,0.5,,,,,
1057,27473,1057,0.210558658,1,1,,,,,
1058,27522,1058,0.266549673,1,1,,,,,
1059,27539,1059,0.168276712,1,1,,,,,
1060,27572,1060,0.109321102,1,1,,,,,
1061,27589,1061,0.278243316,0,0.5,,,,,
1062,27614,1062,0.112285051,1,1,,,,,
1063,27631,1063,0.335659261,0,0.5,,,,,
1064,27648,1064,0.172727775,1,1,,,,,
1065,27681,1065,0.151522754,1,1,,,,,
1066,27706,1066,0.188106824,1,1,,,,,
1067,27723,1067,0.237328905,1,1,,,,,
1068,27764,1068,0.231147481,1,1,,,,,
1069,27789,1069,0.255736256,1,1,,,,,
1070,27822,1070,0.240956496,1,1,,,,,
1071,27839,1071,0.116843017,1,1,,,,,
1072,27856,1072,0.213755559,1,1,,,,,
1073,27873,1073,0.149098676,1,1,,,,,
1074,27890,1074,0.239252216,1,1,,,,,
1075,27899,1075,0.170260233,1,1,,,,,
1076,27932,1076,0.225536226,0,0.5,,,,,
1077,27981,1077,0.181493631,1,1,,,,,
1078,27998,1078,0.135295839,0,0.5,,,,,
1079,28031,1079,0.150113408,1,1,,,,,
1080,28064,1080,0.339229827,1,1,,,,,
1081,28081,1081,0.474354142,0,0.666666667,,,,,
1082,28106,1082,0.271079649,0,0.666666667,,,,,
1083,28123,1083,0.309639867,0,0.5,,,,,
1084,28148,1084,0.274990591,0,0.5,,,,,
1085,28173,1085,0.347466299,1,1,0.156916154,1,1,,
1086,28182,1086,0.08926539,1,1,,,,,
1087,28207,1087,0.254868017,1,1,,,,,
1088,28240,1088,0.23478794,1,1,,,,,
1089,28257,1089,0.108280499,1,1,,,,,
1090,28274,1090,0.067974996,1,1,,,,,
1091,28291,1091,0.313535687,0,0.666666667,,,,,
1092,28316,1092,0.165660341,1,1,,,,,
1093,28341,1093,0.206330405,1,1,,,,,
1094,28366,1094,0.215897916,1,1,,,,,
1095,28399,1095,0.321989964,0,0.666666667,,,,,
1096,28416,1096,0.195336255,1,1,,,,,
1097,28433,1097,0.078250441,1,1,,,,,
1098,28450,1098,0.134665635,1,1,,,,,
1099,28459,1099,0.317318704,1,1,,,,,
1100,28484,1100,0.11367616,1,1,,,,,
1101,28493,1101,0.306997103,1,1,,,,,
1102,28510,1102,0.308049926,1,1,,,,,
1103,28527,1103,0.228765779,0,0.666666667,,,,,
1104,28552,1104,0.160779718,1,1,,,,,
1105,28585,1105,0.197567719,1,1,,,,,
1106,28610,1106,0.147011395,1,1,,,,,
1107,28619,1107,0.303054567,0,0.5,,,,,
1108,28644,1108,0.273115505,1,1,,,,,
1109,28661,1109,0.052550659,1,1,,,,,
1110,28670,1110,0.691971184,0,0.5,,,,,
1111,28695,1111,0.204517947,1,1,,,,,
1112,28720,1112,0.294817304,1,1,,,,,
1113,28753,1113,0.182112513,1,1,,,,,
1114,28778,1114,0.302119791,1,1,,,,,
1115,28803,1115,0.289757239,1,1,,,,,
1116,28836,1116,0.196994822,1,1,,,,,
1117,28869,1117,0.277258412,1,1,,,,,
1118,28894,1118,0.116772154,1,1,,,,,
1119,28919,1119,0.184047565,0,0.666666667,,,,,
1120,28944,1120,0.105485536,1,1,,,,,
1121,28961,1121,0.119637366,1,1,,,,,
1122,29002,1122,0.129528207,1,1,,,,,
1123,29019,1123,0.237606083,1,1,,,,,
1124,29036,1124,0.060890091,1,1,,,,,
1125,29053,1125,0.229569602,1,1,,,,,
1126,29070,1126,0.138450617,1,1,,,,,
1127,29087,1127,0.18511588,1,1,,,,,
1128,29112,1128,0.254249928,0,0.5,,,,,
1129,29129,1129,0.128267076,1,1,,,,,
1130,29138,1130,0.158837907,1,1,,,,,
1131,29155,1131,0.164728478,1,1,,,,,
1132,29164,1132,0.129201889,1,1,,,,,
1133,29181,1133,0.336660252,0,0.5,,,,,
1134,29198,1134,0.170321233,0,0.5,,,,,
1135,29215,1135,0.326479645,0,0.5,,,,,
1136,29232,1136,0.159232636,1,1,,,,,
1137,29249,1137,0.171881387,1,1,,,,,
1138,29266,1138,0.207371703,1,1,,,,,
1139,29291,1139,0.171203585,1,1,,,,,
1140,29324,1140,0.164151848,1,1,,,,,
1141,29341,1141,0.101994293,1,1,,,,,
1142,29358,1142,0.275807749,1,1,,,,,
1143,29383,1143,0.214539124,1,1,,,,,
1144,29408,1144,0.337318306,1,1,,,,,
1145,29457,1145,0.27190872,1,1,,,,,
1146,29474,1146,0.178794627,1,1,,,,,
1147,29491,1147,0.344540219,0,0.5,,,,,
1148,29508,1148,0.193669816,1,1,,,,,
1149,29549,1149,0.156532579,1,1,,,,,
1150,29590,1150,0.276198137,1,1,,,,,
1151,29663,1151,0.224408564,1,1,,,,,
1152,29712,1152,0.160204052,1,1,,,,,
1153,29729,1153,0.148511702,1,1,0.355022052,0,0.666666667,,
1154,29746,1154,0.229644503,1,1,,,,,
1155,29771,1155,0.220031083,0,0.5,,,,,
1156,29796,1156,0.092844124,1,1,,,,,
1157,29813,1157,0.129007483,1,1,,,,,
1158,29830,1158,0.122654998,1,1,,,,,
1159,29855,1159,0.144688899,1,1,,,,,
1160,29928,1160,0.210301452,1,1,,,,,
1161,29969,1161,0.227721605,1,1,,,,,
1162,29978,1162,0.297282644,0,0.5,,,,,
1163,30011,1163,0.373718146,1,1,,,,,
1164,30044,1164,0.220486851,0,0.5,,,,,
1165,30061,1165,0.19307136,1,1,,,,,
1166,30078,1166,0.30022531,0,0.666666667,,,,,
1167,30087,1167,0.081884733,1,1,,,,,
1168,30120,1168,0.233650094,1,1,,,,,
1169,30177,1169,0.345540585,0,0.666666667,,,,,
1170,30202,1170,0.135413055,1,1,,,,,
1171,30227,1171,0.237161178,1,1,,,,,
1172,30260,1172,0.193621657,1,1,,,,,
1173,30301,1173,0.231547623,0,0.5,,,,,
1174,30318,1174,0.168868147,1,1,,,,,
1175,30335,1175,0.162381608,1,1,,,,,
1176,30352,1176,0.181436813,1,1,,,,,
1177,30393,1177,0.214590167,1,1,,,,,
1178,30426,1178,0.159729649,1,1,,,,,
1179,30443,1179,0.116341121,1,1,,,,,
1180,30460,1180,0.395194553,0,0.666666667,,,,,
1181,30477,1181,0.101488075,1,1,,,,,
1182,30518,1182,0.20227568,1,1,,,,,
1183,30543,1183,0.270184242,1,1,,,,,
1184,30560,1184,0.38737325,0,0.5,,,,,
1185,30601,1185,0.164291444,1,1,,,,,
1186,30618,1186,0.243264644,1,1,,,,,
1187,30643,1187,0.107748407,1,1,,,,,
1188,30668,1188,0.210511771,1,1,,,,,
1189,30693,1189,0.199753652,0,0.5,,,,,
1190,30710,1190,0.175294859,1,1,,,,,
1191,30727,1191,0.109975316,1,1,,,,,
1192,30768,1192,0.26835165,1,1,,,,,
1193,30801,1193,0.266533304,0,0.666666667,,,,,
1194,30818,1194,0.318708837,0,0.5,,,,,
1195,30843,1195,0.255713512,1,1,,,,,
1196,30860,1196,0.258609303,0,0.666666667,,,,,
1197,30885,1197,0.223393306,0,0.666666667,,,,,
1198,30918,1198,0.168494142,0,0.666666667,,,,,
1199,30943,1199,0.302193724,0,0.666666667,,,,,
1200,30976,1200,0.170079973,1,1,,,,,
1201,30993,1201,0.126660167,1,1,,,,,
1202,31010,1202,0.112716594,1,1,,,,,
1203,31035,1203,0.268222164,0,0.5,,,,,
1204,31052,1204,0.112669428,1,1,,,,,
1205,31085,1205,0.147479074,1,1,,,,0.466666669,0.451376081
1206,31134,1206,0.321256364,0,0.5,,,,,
1207,31159,1207,0.109534038,1,1,,,,,
1208,31208,1208,0.157364748,1,1,,,,,
1209,31233,1209,0.087996121,1,1,,,,,
1210,31250,1210,0.128339763,1,1,,,,,
1211,31275,1211,0.073330819,1,1,,,,,
1212,31292,1212,0.100247031,1,1,,,,,
1213,31301,1213,0.31979003,0,0.666666667,0.203099785,0,0.666666667,,
1214,31326,1214,0.213136225,1,1,,,,,
1215,31343,1215,0.17614638,1,1,,,,,
1216,31360,1216,0.113998681,1,1,,,,,
1217,31377,1217,0.196265557,1,1,,,,,
1218,31386,1218,0.268288034,1,1,,,,,
1219,31411,1219,0.113146289,1,1,,,,,
1220,31436,1220,0.109503409,1,1,,,,,
1221,31469,1221,0.164011614,1,1,,,,,
1222,31494,1222,0.177600426,1,1,,,,,
1223,31511,1223,0.184696471,1,1,,,,,
1224,31528,1224,0.14536521,1,1,,,,,
1225,31577,1225,0.245705561,1,1,,,,,
1226,31610,1226,0.215347525,0,0.5,,,,,
1227,31627,1227,0.043750045,1,1,,,,,
1228,31676,1228,0.191589351,1,1,,,,,
1229,31693,1229,0.11088856,1,1,,,,,
1230,31718,1230,0.16170706,1,1,,,,,
1231,31735,1231,0.442893036,0,0.5,,,,,
1232,31760,1232,0.190885866,1,1,,,,,
1233,31777,1233,0.037397353,1,1,,,,,
1234,31802,1234,0.104991846,1,1,,,,,
1235,31819,1235,0.096919074,1,1,,,,,
1236,31836,1236,0.127673939,1,1,,,,,
1237,31861,1237,0.133783878,1,1,,,,,
1238,31878,1238,0.094978181,1,1,,,,,
1239,31927,1239,0.212164266,1,1,,,,,
1240,31944,1240,0.225675721,1,1,,,,,
1241,31969,1241,0.099378105,1,1,,,,,
1242,32002,1242,0.162432129,1,1,,,,,
1243,32019,1243,0.136240419,1,1,,,,,
1244,32068,1244,0.121141193,1,1,,,,,
1245,32093,1245,0.07996118,1,1,,,,,
1246,32102,1246,0.044072395,1,1,,,,,
1247,32119,1247,0.151107004,1,1,,,,,
1248,32144,1248,0.154552126,1,1,,,,,
1249,32177,1249,0.077741094,1,1,,,,,
1250,32210,1250,0.231125815,1,1,,,,,
1251,32251,1251,0.218093322,1,1,,,,,
1252,32276,1252,0.077736204,1,1,,,,,
1253,32317,1253,0.199534242,1,1,,,,,
1254,32350,1254,0.09476713,1,1,,,,,
1255,32367,1255,0.111510649,1,1,,,,,
1256,32384,1256,0.18626699,0,0.5,,,,,
1257,32401,1257,0.058972915,1,1,,,,,
1258,32426,1258,0.198899075,1,1,,,,,
1259,32443,1259,0.218906821,1,1,,,,,
1260,32468,1260,0.156676276,1,1,,,,,
1261,32493,1261,0.125634917,1,1,,,,,
1262,32542,1262,0.153097172,1,1,,,,,
1263,32551,1263,0.026197068,1,1,,,,,
1264,32576,1264,0.11939136,1,1,,,,,
1265,32593,1265,0.107372923,1,1,,,,,
1266,32634,1266,0.115202968,1,1,,,,,
1267,32659,1267,0.071177629,1,1,,,,,
1268,32684,1268,0.086774834,1,1,,,,,
1269,32717,1269,0.119619208,1,1,,,,,
1270,32750,1270,0.149658916,1,1,,,,,
1271,32775,1271,0.160213998,1,1,,,,,
1272,32808,1272,0.213865067,1,1,,,,,
1273,32817,1273,0.105609099,1,1,,,,,
1274,32834,1274,0.082533433,1,1,,,,,
1275,32867,1275,0.228034181,0,0.5,0.435365304,0,0.666666667,,
1276,32884,1276,0.159268512,1,1,,,,,
1277,32909,1277,0.094287295,1,1,,,,,
1278,32934,1278,0.123190543,1,1,,,,,
1279,32959,1279,0.170518539,1,1,,,,,
1280,33008,1280,0.098721017,1,1,,,,,
1281,33033,1281,0.069695993,1,1,,,,,
1282,33058,1282,0.168627817,1,1,,,,,
1283,33091,1283,0.14934485,1,1,,,,,
1284,33116,1284,0.125854446,1,1,,,,,
1285,33133,1285,0.149406777,1,1,,,,,
1286,33214,1286,0.19552806,1,1,,,,,
1287,33263,1287,0.128239966,1,1,,,,,
1288,33280,1288,0.038125145,1,1,,,,,
1289,33321,1289,0.194907912,1,1,,,,,
1290,33338,1290,0.213286729,0,0.666666667,,,,,
1291,33363,1291,0.085470944,1,1,,,,,
1292,33388,1292,0.124904067,1,1,,,,,
1293,33413,1293,0.095579534,1,1,,,,,
1294,33438,1294,0.201225926,1,1,,,,,
1295,33463,1295,0.101366864,1,1,,,,,
1296,33488,1296,0.153766997,1,1,,,,,
1297,33497,1297,0.088611228,1,1,,,,,
1298,33514,1298,0.09683445,1,1,,,,,
1299,33547,1299,0.171708472,1,1,,,,,
1300,33564,1300,0.237556592,0,0.5,,,,,
1301,33589,1301,0.089913176,1,1,,,,,
1302,33630,1302,0.148491282,1,1,,,,,
1303,33655,1303,0.123786784,1,1,,,,,
1304,33696,1304,0.115764657,1,1,,,,,
1305,33753,1305,0.188726894,1,1,,,,,
1306,33786,1306,0.131496619,1,1,,,,,
1307,33811,1307,0.168853226,1,1,,,,,
1308,33828,1308,0.088115196,1,1,,,,,
1309,33853,1309,0.10008379,1,1,,,,,
1310,33870,1310,0.172986626,1,1,,,,,
1311,33895,1311,0.134012149,1,1,,,,,
1312,33912,1312,0.099798579,1,1,,,,,
1313,33937,1313,0.088424602,1,1,,,,,
1314,33954,1314,0.079742908,1,1,,,,,
1315,33971,1315,0.130448333,1,1,,,,,
1316,34004,1316,0.293305939,0,0.5,,,,,
1317,34021,1317,0.123263894,1,1,,,,,
1318,34038,1318,0.081104065,1,1,,,,,
1319,34063,1319,0.15690471,1,1,,,,,
1320,34096,1320,0.120479092,1,1,,,,,
1321,34121,1321,0.087632648,1,1,,,,,
1322,34138,1322,0.025928683,1,1,,,,,
1323,34163,1323,0.14955619,1,1,,,,,
1324,34180,1324,0.164664635,1,1,,,,,
1325,34213,1325,0.145706776,1,1,,,,,
1326,34230,1326,0.126600347,1,1,,,,,
1327,34247,1327,0.261142822,0,0.5,,,,,
1328,34272,1328,0.140266959,1,1,,,,,
1329,34289,1329,0.10370775,1,1,,,,,
1330,34354,1330,0.21098362,1,1,,,,,
1331,34379,1331,0.120736318,1,1,,,,,
1332,34404,1332,0.076218127,1,1,,,,,
1333,34421,1333,0.090359986,1,1,0.192007025,1,1,,
1334,34462,1334,0.212806256,1,1,,,,,
1335,34479,1335,0.126542939,1,1,,,,,
1336,34496,1336,0.074970383,1,1,,,,,
1337,34513,1337,0.081507668,1,1,,,,,
1338,34522,1338,0.167673732,1,1,,,,,
1339,34539,1339,0.089455014,1,1,,,,,
1340,34564,1340,0.141329417,1,1,,,,,
1341,34581,1341,0.087322553,1,1,,,,,
1342,34598,1342,0.08764386,1,1,,,,,
1343,34623,1343,0.192116327,1,1,,,,,
1344,34640,1344,0.06269055,1,1,,,,,
1345,34657,1345,0.101355842,1,1,,,,,
1346,34682,1346,0.1011628,1,1,,,,,
1347,34715,1347,0.132810802,1,1,,,,,
1348,34756,1348,0.170721418,1,1,,,,,
1349,34773,1349,0.0798008,1,1,,,,,
1350,34814,1350,0.148175287,1,1,,,,,
1351,34855,1351,0.113528534,1,1,,,,,
1352,34872,1352,0.045542312,1,1,,,,,
1353,34905,1353,0.104815473,1,1,,,,,
1354,34930,1354,0.200940495,1,1,,,,,
1355,34955,1355,0.149146436,1,1,,,,,
1356,34988,1356,0.299379237,1,1,,,,,
1357,35005,1357,0.067451294,1,1,,,,,
1358,35070,1358,0.229009729,1,1,,,,,
1359,35087,1359,0.27947763,0,0.5,,,,,
1360,35120,1360,0.064805826,1,1,,,,,
1361,35137,1361,0.091345512,1,1,,,,,
1362,35170,1362,0.16468733,1,1,,,,,
1363,35187,1363,0.185216728,0,0.666666667,,,,,
1364,35204,1364,0.169724678,1,1,,,,,
1365,35229,1365,0.10993358,1,1,,,,,
1366,35254,1366,0.10229971,1,1,,,,,
1367,35279,1367,0.097089922,1,1,,,,,
1368,35296,1368,0.15363346,1,1,,,,,
1369,35369,1369,0.174551558,1,1,,,,,
1370,35394,1370,0.137721209,1,1,,,,,
1371,35419,1371,0.148962651,1,1,,,,,
1372,35468,1372,0.16851859,1,1,,,,,
1373,35493,1373,0.271930286,1,1,,,,,
1374,35510,1374,0.081938692,1,1,,,,,
1375,35527,1375,0.180654204,1,1,,,,,
1376,35544,1376,0.081574527,1,1,,,,,
1377,35601,1377,0.233055588,1,1,,,,,
1378,35618,1378,0.18027223,0,0.666666667,,,,,
1379,35643,1379,0.133775772,1,1,,,,,
1380,35668,1380,0.160130891,1,1,,,,,
1381,35693,1381,0.127997119,1,1,,,,,
1382,35742,1382,0.143858932,1,1,,,,,
1383,35775,1383,0.198024098,1,1,,,,,
1384,35792,1384,0.103295102,1,1,,,,,
1385,35817,1385,0.143964274,1,1,,,,,
1386,35834,1386,0.068801838,1,1,,,,,
1387,35851,1387,0.107867131,1,1,,,,,
1388,35876,1388,0.096023261,1,1,,,,,
1389,35901,1389,0.150525558,1,1,,,,,
1390,35926,1390,0.105820803,1,1,,,,,
1391,35951,1391,0.080517095,1,1,0.198451777,1,1,,
1392,35976,1392,0.191446126,1,1,,,,,
1393,36001,1393,0.143450376,1,1,,,,,
1394,36018,1394,0.06660899,1,1,,,,,
1395,36043,1395,0.177132466,0,0.5,,,,,
1396,36060,1396,0.132443553,1,1,,,,,
1397,36093,1397,0.176687585,1,1,,,,,
1398,36118,1398,0.101891445,1,1,,,,,
1399,36135,1399,0.08135724,1,1,,,,,
1400,36152,1400,0.08055884,1,1,,,,,
1401,36169,1401,0.112707026,1,1,,,,,
1402,36186,1402,0.228535809,0,0.5,,,,,
1403,36203,1403,0.104451383,1,1,,,,,
1404,36228,1404,0.129544294,1,1,,,,,
1405,36261,1405,0.096995063,1,1,,,,,
1406,36286,1406,0.119966227,1,1,,,,,
1407,36295,1407,0.031789141,1,1,,,,,
1408,36320,1408,0.170683033,1,1,,,,,
1409,36353,1409,0.142682245,1,1,,,,,
1410,36378,1410,0.143171162,1,1,,,,,
1411,36403,1411,0.135678301,1,1,,,,,
1412,36428,1412,0.081565075,1,1,,,,,
1413,36453,1413,0.135473378,1,1,,,,,
1414,36478,1414,0.203138541,1,1,,,,,
1415,36503,1415,0.05751009,1,1,,,,,
1416,36528,1416,0.309762872,1,1,,,,,
1417,36545,1417,0.133014668,1,1,,,,,
1418,36554,1418,0.394556589,0,0.5,,,,,
1419,36587,1419,0.131803639,1,1,,,,,
1420,36660,1420,0.141216474,1,1,,,,,
1421,36733,1421,0.165891427,1,1,,,,,
1422,36758,1422,0.182241613,1,1,,,,,
1423,36783,1423,0.137536433,1,1,,,,,
1424,36808,1424,0.277909761,1,1,,,,,
1425,36833,1425,0.095432843,1,1,,,,,
1426,36866,1426,0.114331176,1,1,,,,,
1427,36883,1427,0.077528103,1,1,,,,,
1428,36916,1428,0.077728158,1,1,,,,,
1429,36941,1429,0.087879488,1,1,,,,,
1430,36966,1430,0.091169005,1,1,,,,,
1431,37015,1431,0.136191156,1,1,,,,,
1432,37040,1432,0.129806211,1,1,,,,,
1433,37065,1433,0.120751375,1,1,,,,,
1434,37090,1434,0.094233376,1,1,,,,,
1435,37099,1435,0.056015931,1,1,,,,,
1436,37156,1436,0.216083918,1,1,,,,,
1437,37181,1437,0.102183525,1,1,,,,,
1438,37214,1438,0.118134322,1,1,,,,,
1439,37239,1439,0.08222615,1,1,,,,,
1440,37256,1440,0.120367502,1,1,,,,,
1441,37265,1441,0.773585652,0,0.666666667,,,,,
1442,37290,1442,0.204233739,1,1,,,,,
1443,37307,1443,0.069303474,1,1,,,,,
1444,37332,1444,0.192558504,1,1,,,,,
1445,37349,1445,0.313465437,0,0.5,,,,,
1446,37390,1446,0.18177578,1,1,,,,,
1447,37415,1447,0.079513921,1,1,,,,,
1448,37432,1448,0.156250253,1,1,,,,,
1449,37465,1449,0.298390726,1,1,,,,,
1450,37498,1450,0.115757601,1,1,,,,,
1451,37523,1451,0.128012729,1,1,,,,,
1452,37556,1452,0.199842932,1,1,0.222224702,0,0.5,,
1453,37573,1453,0.109754172,1,1,,,,,
1454,37614,1454,0.089717729,1,1,,,,,
1455,37631,1455,0.072397871,1,1,,,,,
1456,37648,1456,0.076559089,1,1,,,,,
1457,37665,1457,0.141784065,1,1,,,,,
1458,37690,1458,0.154623191,1,1,,,,,
1459,37707,1459,0.05093738,1,1,,,,,
1460,37748,1460,0.153102792,1,1,,,,,
1461,37765,1461,0.117232406,1,1,,,,,
1462,37790,1462,0.247265231,1,1,,,,,
1463,37847,1463,0.178158928,1,1,,,,,
1464,37864,1464,0.133844977,1,1,,,,,
1465,37897,1465,0.127298462,1,1,,,,,
1466,37914,1466,0.175180828,1,1,,,,,
1467,37955,1467,0.111215657,1,1,,,,,
1468,37988,1468,0.111622829,1,1,,,,,
1469,38005,1469,0.070313024,1,1,,,,,
1470,38054,1470,0.140408987,1,1,,,,,
1471,38071,1471,0.0264121,1,1,,,,,
1472,38088,1472,0.114390744,1,1,,,,,
1473,38105,1473,0.060734415,1,1,,,,,
1474,38138,1474,0.106073696,1,1,,,,,
1475,38171,1475,0.182465926,0,0.666666667,,,,,
1476,38188,1476,0.117218703,1,1,,,,,
1477,38253,1477,0.163469441,1,1,,,,,
1478,38326,1478,0.237902712,1,1,,,,,
1479,38351,1479,0.126497171,1,1,,,,,
1480,38376,1480,0.248259351,1,1,,,,,
1481,38385,1481,0.096241062,1,1,,,,,
1482,38426,1482,0.219692549,1,1,,,,,
1483,38451,1483,0.207008111,1,1,,,,,
1484,38476,1484,0.070929131,1,1,,,,,
1485,38509,1485,0.137369304,1,1,,,,,
1486,38534,1486,0.131987191,1,1,,,,,
1487,38559,1487,0.152049304,1,1,,,,,
1488,38592,1488,0.135160256,1,1,,,,,
1489,38617,1489,0.160071318,0,0.5,,,,,
1490,38642,1490,0.162712145,1,1,,,,,
1491,38667,1491,0.087972794,1,1,,,,,
1492,38692,1492,0.275078555,1,1,,,,,
1493,38717,1493,0.116418038,1,1,,,,,
1494,38742,1494,0.157670939,1,1,,,,,
1495,38759,1495,0.119106512,1,1,,,,,
1496,38776,1496,0.144109448,1,1,,,,,
1497,38793,1497,0.167871935,1,1,,,,,
1498,38818,1498,0.175459922,1,1,,,,,
1499,38835,1499,0.135976964,1,1,,,,,
1500,38860,1500,0.16507232,1,1,,,,,
1501,38901,1501,0.089807804,1,1,,,,,
1502,38934,1502,0.080153898,1,1,,,,,
1503,38967,1503,0.225426432,1,1,,,,,
1504,38976,1504,0.07230337,1,1,,,,,
1505,39001,1505,0.096152736,1,1,,,,,
1506,39034,1506,0.10415854,1,1,,,,,
1507,39051,1507,0.121667253,1,1,,,,,
1508,39076,1508,0.211226229,1,1,,,,,
1509,39101,1509,0.180447338,1,1,0.33065192,1,1,,
1510,39118,1510,0.058147817,1,1,,,,,
1511,39135,1511,0.187154368,1,1,,,,,
1512,39160,1512,0.120007172,1,1,,,,,
1513,39177,1513,0.022342015,1,1,,,,,
1514,39210,1514,0.1052733,1,1,,,,,
1515,39243,1515,0.207712803,1,1,,,,,
1516,39268,1516,0.099975418,1,1,,,,,
1517,39293,1517,0.094748306,1,1,,,,,
1518,39326,1518,0.173478365,0,0.666666667,,,,,
1519,39343,1519,0.195280195,0,0.666666667,,,,,
1520,39368,1520,0.157015161,0,0.5,,,,,
1521,39385,1521,0.120064757,1,1,,,,,
1522,39402,1522,0.144423415,1,1,,,,,
1523,39427,1523,0.152675644,1,1,,,,,
1524,39444,1524,0.186259467,1,1,,,,,
1525,39461,1525,0.089846629,1,1,,,,,
1526,39494,1526,0.181750525,1,1,,,,,
1527,39519,1527,0.171320131,1,1,,,,,
1528,39536,1528,0.170381314,1,1,,,,,
1529,39577,1529,0.180486636,1,1,,,,,
1530,39602,1530,0.084845876,1,1,,,,,
1531,39619,1531,0.207265031,1,1,,,,,
1532,39652,1532,0.176837401,1,1,,,,,
1533,39685,1533,0.094409556,1,1,,,,,
1534,39702,1534,0.064367228,1,1,,,,,
1535,39727,1535,0.090052786,1,1,,,,,
1536,39752,1536,0.174478201,1,1,,,,,
1537,39777,1537,0.05946036,1,1,,,,,
1538,39802,1538,0.122235806,1,1,,,,,
1539,39835,1539,0.110673555,1,1,,,,,
1540,39852,1540,0.04485389,1,1,,,,,
1541,39869,1541,0.227309109,1,1,,,,,
1542,39894,1542,0.21697342,1,1,,,,,
1543,39903,1543,0.311484814,0,0.5,,,,,
1544,39920,1544,0.123444115,1,1,,,,,
1545,39953,1545,0.101909391,1,1,,,,,
1546,39994,1546,0.242360049,1,1,,,,,
1547,40027,1547,0.162451258,1,1,,,,,
1548,40060,1548,0.135992557,1,1,,,,,
1549,40077,1549,0.183875878,1,1,,,,,
1550,40094,1550,0.067150003,1,1,,,,,
1551,40119,1551,0.117598608,1,1,,,,,
1552,40136,1552,0.044700501,1,1,,,,,
1553,40169,1553,0.04966539,1,1,,,,,
1554,40186,1554,0.114849871,1,1,,,,,
1555,40203,1555,0.074091256,1,1,,,,,
1556,40228,1556,0.156437138,1,1,,,,,
1557,40253,1557,0.208742533,0,0.5,,,,,
1558,40278,1558,0.13429626,1,1,,,,,
1559,40303,1559,0.218628463,1,1,,,,,
1560,40352,1560,0.175582437,1,1,,,,,
1561,40369,1561,0.098060491,1,1,,,,,
1562,40394,1562,0.100041401,1,1,,,,,
1563,40411,1563,0.062656035,1,1,,,,,
1564,40428,1564,0.028799752,1,1,,,,,
1565,40453,1565,0.156437196,1,1,,,,,
1566,40478,1566,0.173772437,1,1,,,,,
1567,40495,1567,0.100401148,1,1,,,,,
1568,40568,1568,0.168571046,1,1,,,,,
1569,40585,1569,0.128023971,1,1,,,,,
1570,40602,1570,0.105611376,1,1,,,,,
1571,40627,1571,0.09753382,1,1,,,,,
1572,40644,1572,0.106255554,1,1,,,,,
1573,40661,1573,0.080936196,1,1,,,,,
1574,40686,1574,0.09833719,1,1,0.178469872,1,1,,
1575,40703,1575,0.070095202,1,1,,,,,
1576,40760,1576,0.179102006,1,1,,,,,
1577,40785,1577,0.098044934,1,1,,,,,
1578,40810,1578,0.101825726,1,1,,,,,
1579,40819,1579,0.209827993,1,1,,,,,
1580,40844,1580,0.095929151,1,1,,,,,
1581,40869,1581,0.104042661,1,1,,,,,
1582,40886,1582,0.144466578,1,1,,,,,
1583,40903,1583,0.154643547,1,1,,,,,
1584,40928,1584,0.111188874,1,1,,,,,
1585,40953,1585,0.117927136,1,1,,,,,
1586,40986,1586,0.103986284,1,1,,,,,
1587,41011,1587,0.052473574,1,1,,,,,
1588,41044,1588,0.203155345,1,1,,,,,
1589,41069,1589,0.176549647,1,1,,,,,
1590,41094,1590,0.08429451,1,1,,,,,
1591,41111,1591,0.118168344,1,1,,,,,
1592,41128,1592,0.132301879,1,1,,,,,
1593,41153,1593,0.111454352,1,1,,,,,
1594,41170,1594,0.109724394,1,1,,,,,
1595,41179,1595,0.093054173,1,1,,,,,
1596,41196,1596,0.075915415,1,1,,,,,
1597,41213,1597,0.028178098,1,1,,,,,
1598,41238,1598,0.174369266,1,1,,,,,
1599,41271,1599,0.158203187,1,1,,,,,
1600,41288,1600,0.131618498,1,1,,,,,
1601,41297,1601,0.091688115,1,1,,,,,
1602,41314,1602,0.202004129,1,1,,,,,
1603,41331,1603,0.231076025,0,0.666666667,,,,,
1604,41396,1604,0.266888207,1,1,,,,,
1605,41413,1605,0.174363969,1,1,,,,,
1606,41430,1606,0.116718521,1,1,,,,,
1607,41455,1607,0.107989164,1,1,,,,,
1608,41480,1608,0.239923804,1,1,,,,,
1609,41513,1609,0.129970203,1,1,,,,,
1610,41562,1610,0.172342074,1,1,,,,,
1611,41579,1611,0.110000978,1,1,,,,,
1612,41596,1612,0.188985446,1,1,,,,,
1613,41621,1613,0.118267814,1,1,,,,,
1614,41638,1614,0.079774704,1,1,,,,,
1615,41655,1615,0.08560197,1,1,,,,,
1616,41680,1616,0.066355655,1,1,,,,,
1617,41697,1617,0.138215922,1,1,,,,,
1618,41722,1618,0.110042691,1,1,,,,,
1619,41739,1619,0.136231771,1,1,,,,,
1620,41764,1620,0.10010035,1,1,,,,,
1621,41781,1621,0.157010767,1,1,,,,,
1622,41830,1622,0.196222347,1,1,,,,,
1623,41839,1623,0.075981125,1,1,,,,,
1624,41912,1624,0.203045125,1,1,,,,,
1625,41929,1625,0.096622682,1,1,,,,,
1626,41946,1626,0.140908649,1,1,,,,,
1627,41963,1627,0.041358918,1,1,,,,,
1628,41996,1628,0.144475857,1,1,,,,,
1629,42013,1629,0.085892372,1,1,,,,,
1630,42038,1630,0.079805446,1,1,,,,,
1631,42055,1631,0.039056699,1,1,,,,,
1632,42120,1632,0.178021036,1,1,,,,,
1633,42153,1633,0.14568603,1,1,,,,,
1634,42226,1634,0.219362534,1,1,,,,,
1635,42243,1635,0.13750277,1,1,0.241160098,1,1,,
1636,42260,1636,0.163071401,1,1,,,,,
1637,42333,1637,0.167917931,1,1,,,,,
1638,42398,1638,0.189106722,1,1,,,,,
1639,42423,1639,0.126098092,1,1,,,,,
1640,42456,1640,0.083884108,1,1,,,,,
1641,42497,1641,0.155225348,1,1,,,,,
1642,42514,1642,0.107529254,1,1,,,,,
1643,42547,1643,0.125795397,1,1,,,,,
1644,42580,1644,0.159370233,1,1,,,,,
1645,42597,1645,0.189229506,1,1,,,,,
1646,42654,1646,0.270871377,1,1,,,,,
1647,42679,1647,0.16702655,1,1,,,,,
1648,42712,1648,0.119994927,1,1,,,,,
1649,42729,1649,0.096607314,1,1,,,,,
1650,42746,1650,0.12809512,1,1,,,,,
1651,42763,1651,0.25360356,1,1,,,,,
1652,42772,1652,0.131598789,1,1,,,,,
1653,42797,1653,0.071560124,1,1,,,,,
1654,42822,1654,0.150744162,1,1,,,,,
1655,42839,1655,0.080845547,1,1,,,,,
1656,42856,1656,0.186185096,1,1,,,,,
1657,42897,1657,0.20137947,1,1,,,,,
1658,42938,1658,0.171403198,1,1,,,,,
1659,42955,1659,0.104458525,1,1,,,,,
1660,42980,1660,0.104703299,1,1,,,,,
1661,42997,1661,0.133172257,1,1,,,,,
1662,43046,1662,0.111340587,1,1,,,,,
1663,43063,1663,0.067662114,1,1,,,,,
1664,43080,1664,0.070399981,1,1,,,,,
1665,43105,1665,0.16991356,1,1,,,,,
1666,43130,1666,0.087653401,1,1,,,,,
1667,43171,1667,0.135512642,1,1,,,,,
1668,43196,1668,0.138115404,1,1,,,,,
1669,43213,1669,0.050170126,1,1,,,,,
1670,43230,1670,0.126799085,1,1,,,,,
1671,43247,1671,0.12667005,1,1,,,,,
1672,43264,1672,0.05754814,1,1,,,,,
1673,43281,1673,0.091530088,1,1,,,,,
1674,43306,1674,0.099907953,1,1,,,,,
1675,43339,1675,0.114171479,1,1,,,,,
1676,43356,1676,0.09324313,1,1,,,,,
1677,43373,1677,0.102735992,1,1,,,,,
1678,43414,1678,0.180693781,1,1,,,,,
1679,43423,1679,0.107169167,1,1,,,,,
1680,43440,1680,0.20390313,1,1,,,,,
1681,43465,1681,0.146340182,1,1,,,,,
1682,43482,1682,0.050481278,1,1,,,,,
1683,43515,1683,0.113439849,1,1,,,,,
1684,43532,1684,0.213323212,1,1,,,,,
1685,43589,1685,0.224042769,1,1,,,,,
1686,43606,1686,0.138775623,1,1,,,,,
1687,43623,1687,0.155731207,1,1,,,,,
1688,43656,1688,0.149286588,1,1,,,,,
1689,43673,1689,0.115186724,1,1,,,,,
1690,43690,1690,0.110221237,1,1,,,,,
1691,43715,1691,0.169699602,1,1,,,,,
1692,43732,1692,0.064450725,1,1,,,,,
1693,43765,1693,0.113235191,1,1,,,,,
1694,43790,1694,0.162804411,1,1,0.216565717,1,1,,
1695,43823,1695,0.165572715,1,1,,,,,
1696,43848,1696,0.161127004,1,1,,,,,
1697,43873,1697,0.082654924,1,1,,,,,
1698,43898,1698,0.16239817,1,1,,,,,
1699,43923,1699,0.096084049,1,1,,,,,
1700,43972,1700,0.159329966,1,1,,,,,
1701,43989,1701,0.133726294,1,1,,,,,
1702,44006,1702,0.121480797,1,1,,,,,
1703,44047,1703,0.235263828,1,1,,,,,
1704,44072,1704,0.115741892,1,1,,,,,
1705,44089,1705,0.079041053,1,1,,,,,
1706,44106,1706,0.068552763,1,1,,,,,
1707,44123,1707,0.067776728,1,1,,,,,
1708,44140,1708,0.506655844,0,0.5,,,,,
1709,44173,1709,0.08676194,1,1,,,,,
1710,44222,1710,0.203153403,1,1,,,,,
1711,44239,1711,0.09730099,1,1,,,,,
1712,44256,1712,0.157799174,1,1,,,,,
1713,44329,1713,0.172408422,1,1,,,,,
1714,44354,1714,0.137209833,1,1,,,,,
1715,44371,1715,0.086887909,1,1,,,,,
1716,44404,1716,0.151343516,1,1,,,,,
1717,44429,1717,0.304168605,1,1,,,,,
1718,44446,1718,0.14976723,1,1,,,,,
1719,44479,1719,0.125309467,1,1,,,,,
1720,44496,1720,0.079601604,1,1,,,,,
1721,44521,1721,0.157860653,1,1,,,,,
1722,44546,1722,0.124400946,1,1,,,,,
1723,44571,1723,0.097395055,1,1,,,,,
1724,44596,1724,0.154297511,1,1,,,,,
1725,44621,1725,0.110982172,1,1,,,,,
1726,44646,1726,0.1262219,1,1,,,,,
1727,44663,1727,0.142167957,1,1,,,,,
1728,44688,1728,0.213657778,1,1,,,,,
1729,44705,1729,0.114223885,1,1,,,,,
1730,44722,1730,0.090290214,1,1,,,,,
1731,44747,1731,0.135843984,1,1,,,,,
1732,44764,1732,0.182218509,1,1,,,,,
1733,44797,1733,0.253390726,1,1,,,,,
1734,44814,1734,0.098327855,1,1,,,,,
1735,44831,1735,0.111262097,1,1,,,,,
1736,44848,1736,0.121385579,1,1,,,,,
1737,44881,1737,0.156366126,1,1,,,,,
1738,44898,1738,0.138063227,1,1,,,,,
1739,44923,1739,0.093117091,1,1,,,,,
1740,44948,1740,0.121244209,1,1,,,,,
1741,44981,1741,0.174795031,1,1,,,,,
1742,45006,1742,0.134143199,1,1,,,,,
1743,45039,1743,0.141294928,1,1,,,,,
1744,45056,1744,0.255275039,1,1,,,,,
1745,45089,1745,0.233087156,1,1,,,,,
1746,45106,1746,0.08417834,1,1,,,,,
1747,45123,1747,0.100744834,1,1,,,,,
1748,45140,1748,0.092337585,1,1,,,,,
1749,45165,1749,0.124736973,1,1,,,,,
1750,45206,1750,0.155639819,1,1,,,,,
1751,45223,1751,0.13870428,0,0.666666667,,,,,
1752,45240,1752,0.068490725,1,1,,,,,
1753,45257,1753,0.230815791,0,0.666666667,,,,,
1754,45290,1754,0.106844591,1,1,,,,,
1755,45307,1755,0.087491281,1,1,,,,,
1756,45332,1756,0.078801771,1,1,,,,,
1757,45357,1757,0.215398301,0,0.666666667,,,,,
1758,45374,1758,0.120728284,1,1,0.196270799,1,1,,
1759,45399,1759,0.071566642,1,1,,,,,
1760,45416,1760,0.039080189,1,1,,,,,
1761,45433,1761,0.138500511,1,1,,,,,
1762,45458,1762,0.142717145,1,1,,,,,
1763,45499,1763,0.177407328,1,1,,,,,
1764,45524,1764,0.139619613,1,1,,,,,
1765,45549,1765,0.198365204,0,0.5,,,,,
1766,45574,1766,0.205550859,1,1,,,,,
1767,45591,1767,0.137782692,1,1,,,,,
1768,45632,1768,0.1190919,1,1,,,,,
1769,45649,1769,0.027260878,1,1,,,,,
1770,45666,1770,0.0757372,1,1,,,,,
1771,45683,1771,0.074551675,1,1,,,,,
1772,45700,1772,0.121350162,1,1,,,,,
1773,45725,1773,0.282696272,0,0.5,,,,,
1774,45734,1774,0.086644964,1,1,,,,,
1775,45751,1775,0.111990132,1,1,,,,,
1776,45768,1776,0.121341671,1,1,,,,,
1777,45801,1777,0.267076679,1,1,,,,,
1778,45842,1778,0.195067873,1,1,,,,,
1779,45859,1779,0.055910306,1,1,,,,,
1780,45876,1780,0.080010058,1,1,,,,,
1781,45925,1781,0.168887957,1,1,,,,,
1782,45958,1782,0.157072464,1,1,,,,,
1783,45999,1783,0.164917319,0,0.666666667,,,,,
1784,46024,1784,0.092966526,1,1,,,,,
1785,46065,1785,0.155087996,1,1,,,,,
1786,46082,1786,0.10725424,1,1,,,,,
1787,46115,1787,0.125565178,1,1,,,,,
1788,46148,1788,0.172088255,1,1,,,,,
1789,46181,1789,0.157126933,1,1,,,,,
1790,46206,1790,0.11318237,1,1,,,,,
1791,46223,1791,0.147960219,1,1,,,,,
1792,46240,1792,0.229872712,1,1,,,,,
1793,46257,1793,0.109840862,1,1,,,,,
1794,46266,1794,0.173426641,1,1,,,,,
1795,46307,1795,0.187122155,1,1,,,,,
1796,46324,1796,0.110896912,1,1,,,,,
1797,46341,1797,0.118974229,1,1,,,,,
1798,46414,1798,0.193233701,1,1,,,,,
1799,46431,1799,0.105202074,1,1,,,,,
1800,46464,1800,0.098627083,1,1,,,,,
1801,46481,1801,0.035225841,1,1,,,,,
1802,46498,1802,0.080840585,1,1,,,,,
1803,46523,1803,0.078518977,1,1,,,,,
1804,46556,1804,0.161490016,1,1,,,,,
1805,46581,1805,0.083817032,1,1,,,,0.483333319,0.482504887
1806,46606,1806,0.096538903,1,1,,,,,
1807,46639,1807,0.075773636,1,1,,,,,
1808,46656,1808,0.110928294,1,1,,,,,
1809,46681,1809,0.087717484,1,1,,,,,
1810,46722,1810,0.134876342,1,1,,,,,
1811,46763,1811,0.153348503,1,1,,,,,
1812,46780,1812,0.038556178,1,1,,,,,
1813,46797,1813,0.077355942,1,1,,,,,
1814,46814,1814,0.088539281,1,1,,,,,
1815,46831,1815,0.088241517,1,1,,,,,
1816,46848,1816,0.0740651,1,1,,,,,
1817,46881,1817,0.092222221,1,1,,,,,
1818,46906,1818,0.082783429,1,1,,,,,
1819,46923,1819,0.090384598,1,1,,,,,
1820,46940,1820,0.089723696,1,1,0.353622522,0,0.5,,
1821,46965,1821,0.069460564,1,1,,,,,
1822,46990,1822,0.062356613,1,1,,,,,
1823,47015,1823,0.160183978,1,1,,,,,
1824,47032,1824,0.058370276,1,1,,,,,
1825,47041,1825,0.010899071,1,1,,,,,
1826,47074,1826,0.107213425,1,1,,,,,
1827,47107,1827,0.077773696,1,1,,,,,
1828,47132,1828,0.05725471,1,1,,,,,
1829,47149,1829,0.070613527,1,1,,,,,
1830,47166,1830,0.045816983,1,1,,,,,
1831,47199,1831,0.109832974,1,1,,,,,
1832,47216,1832,0.134125766,1,1,,,,,
1833,47225,1833,0.0299973,1,1,,,,,
1834,47250,1834,0.184964752,1,1,,,,,
1835,47275,1835,0.062099066,1,1,,,,,
1836,47300,1836,0.046053321,1,1,,,,,
1837,47349,1837,0.096564848,1,1,,,,,
1838,47366,1838,0.107798562,1,1,,,,,
1839,47383,1839,0.346223959,0,0.5,,,,,
1840,47408,1840,0.072814994,1,1,,,,,
1841,47433,1841,0.036026339,1,1,,,,,
1842,47458,1842,0.129519572,1,1,,,,,
1843,47483,1843,0.061871568,1,1,,,,,
1844,47516,1844,0.112726699,1,1,,,,,
1845,47541,1845,0.125246643,1,1,,,,,
1846,47566,1846,0.04526923,1,1,,,,,
1847,47583,1847,0.081305926,1,1,,,,,
1848,47600,1848,0.038980464,1,1,,,,,
1849,47625,1849,0.052611954,1,1,,,,,
1850,47650,1850,0.050722964,1,1,,,,,
1851,47683,1851,0.146513624,1,1,,,,,
1852,47708,1852,0.10228615,1,1,,,,,
1853,47741,1853,0.111537872,1,1,,,,,
1854,47774,1854,0.129104123,1,1,,,,,
1855,47815,1855,0.117945552,1,1,,,,,
1856,47840,1856,0.108394595,1,1,,,,,
1857,47873,1857,0.059359833,1,1,,,,,
1858,47898,1858,0.114258773,1,1,,,,,
1859,47915,1859,0.074576611,1,1,,,,,
1860,47940,1860,0.045994838,1,1,,,,,
1861,47957,1861,0.111359961,1,1,,,,,
1862,47974,1862,0.044889642,1,1,,,,,
1863,48007,1863,0.09442232,1,1,,,,,
1864,48024,1864,0.038084721,1,1,,,,,
1865,48049,1865,0.05205352,1,1,,,,,
1866,48066,1866,0.085121539,1,1,,,,,
1867,48131,1867,0.179994829,1,1,,,,,
1868,48148,1868,0.079013438,1,1,,,,,
1869,48173,1869,0.04431506,1,1,,,,,
1870,48190,1870,0.126008615,1,1,,,,,
1871,48207,1871,0.077682331,1,1,,,,,
1872,48232,1872,0.05334266,1,1,,,,,
1873,48257,1873,0.055883353,1,1,,,,,
1874,48314,1874,0.21217057,1,1,,,,,
1875,48387,1875,0.137035216,1,1,,,,,
1876,48412,1876,0.052128783,1,1,,,,,
1877,48445,1877,0.084055986,1,1,,,,,
1878,48478,1878,0.10769395,1,1,,,,,
1879,48487,1879,0.035430379,1,1,0.35945838,0,0.666666667,,
1880,48504,1880,0.022510297,1,1,,,,,
1881,48521,1881,0.016071799,1,1,,,,,
1882,48538,1882,0.101083144,1,1,,,,,
1883,48555,1883,0.048075328,1,1,,,,,
1884,48572,1884,0.068658501,1,1,,,,,
1885,48597,1885,0.102162801,1,1,,,,,
1886,48638,1886,0.059328733,1,1,,,,,
1887,48679,1887,0.084403289,1,1,,,,,
1888,48696,1888,0.0553933,1,1,,,,,
1889,48721,1889,0.080289096,1,1,,,,,
1890,48794,1890,0.163677101,1,1,,,,,
1891,48827,1891,0.108407961,1,1,,,,,
1892,48852,1892,0.117929366,1,1,,,,,
1893,48877,1893,0.064353251,1,1,,,,,
1894,48910,1894,0.127757547,1,1,,,,,
1895,48943,1895,0.073128974,1,1,,,,,
1896,48968,1896,0.125668869,1,1,,,,,
1897,48985,1897,0.041291607,1,1,,,,,
1898,49002,1898,0.059560206,1,1,,,,,
1899,49035,1899,0.023309181,1,1,,,,,
1900,49060,1900,0.105331242,1,1,,,,,
1901,49077,1901,0.080864635,1,1,,,,,
1902,49094,1902,0.090972436,1,1,,,,,
1903,49127,1903,0.067411034,1,1,,,,,
1904,49184,1904,0.127616597,1,1,,,,,
1905,49201,1905,0.040812007,1,1,,,,,
1906,49218,1906,0.052967727,1,1,,,,,
1907,49243,1907,0.047595532,1,1,,,,,
1908,49260,1908,0.052287987,1,1,,,,,
1909,49277,1909,0.096975025,1,1,,,,,
1910,49310,1910,0.051400648,1,1,,,,,
1911,49375,1911,0.117884845,1,1,,,,,
1912,49400,1912,0.050849778,1,1,,,,,
1913,49425,1913,0.038659327,1,1,,,,,
1914,49442,1914,0.062875244,1,1,,,,,
1915,49459,1915,0.097678494,1,1,,,,,
1916,49484,1916,0.081769307,1,1,,,,,
1917,49501,1917,0.02786027,1,1,,,,,
1918,49510,1918,0.149753787,1,1,,,,,
1919,49527,1919,0.107589305,1,1,,,,,
1920,49544,1920,0.099741698,1,1,,,,,
1921,49585,1921,0.10537386,1,1,,,,,
1922,49610,1922,0.040687574,1,1,,,,,
1923,49627,1923,0.084002814,1,1,,,,,
1924,49644,1924,0.059520961,1,1,,,,,
1925,49661,1925,0.077545791,1,1,,,,,
1926,49686,1926,0.05920696,1,1,,,,,
1927,49719,1927,0.06837392,1,1,,,,,
1928,49768,1928,0.117103699,1,1,,,,,
1929,49793,1929,0.045029064,1,1,,,,,
1930,49818,1930,0.107969705,1,1,,,,,
1931,49843,1931,0.07540656,1,1,,,,,
1932,49868,1932,0.092950147,1,1,,,,,
1933,49901,1933,0.080169615,1,1,,,,,
1934,49942,1934,0.127484398,1,1,,,,,
1935,49959,1935,0.081054447,1,1,,,,,
1936,49984,1936,0.098220319,1,1,,,,,
1937,50009,1937,0.080385352,1,1,,,,,
1938,50058,1938,0.181297489,1,1,0.23919614,1,1,,
1939,50083,1939,0.090507742,1,1,,,,,
1940,50100,1940,0.152500414,1,1,,,,,
1941,50125,1941,0.091964057,1,1,,,,,
1942,50150,1942,0.105927606,1,1,,,,,
1943,50175,1943,0.114333226,1,1,,,,,
1944,50216,1944,0.167344777,1,1,,,,,
1945,50233,1945,0.052336517,1,1,,,,,
1946,50258,1946,0.062295887,1,1,,,,,
1947,50275,1947,0.077968698,1,1,,,,,
1948,50292,1948,0.138137122,1,1,,,,,
1949,50317,1949,0.096493878,1,1,,,,,
1950,50334,1950,0.044652331,1,1,,,,,
1951,50351,1951,0.04899949,1,1,,,,,
1952,50368,1952,0.08729407,1,1,,,,,
1953,50385,1953,0.04059969,1,1,,,,,
1954,50410,1954,0.079102041,1,1,,,,,
1955,50435,1955,0.06198505,1,1,,,,,
1956,50452,1956,0.051041633,1,1,,,,,
1957,50477,1957,0.048275531,1,1,,,,,
1958,50542,1958,0.201117724,1,1,,,,,
1959,50583,1959,0.128689637,1,1,,,,,
1960,50608,1960,0.067786331,1,1,,,,,
1961,50649,1961,0.091630936,1,1,,,,,
1962,50690,1962,0.146092523,1,1,,,,,
1963,50707,1963,0.028890673,1,1,,,,,
1964,50724,1964,0.112972758,1,1,,,,,
1965,50741,1965,0.063872546,1,1,,,,,
1966,50758,1966,0.076103451,1,1,,,,,
1967,50791,1967,0.106483422,1,1,,,,,
1968,50824,1968,0.038669115,1,1,,,,,
1969,50849,1969,0.088575495,1,1,,,,,
1970,50866,1970,0.052726007,1,1,,,,,
1971,50891,1971,0.250732233,1,1,,,,,
1972,50924,1972,0.053746245,1,1,,,,,
1973,50941,1973,0.081929623,1,1,,,,,
1974,50958,1974,0.042991882,1,1,,,,,
1975,50975,1975,0.08748682,1,1,,,,,
1976,51000,1976,0.125595194,1,1,,,,,
1977,51017,1977,0.083695201,1,1,,,,,
1978,51050,1978,0.056634944,1,1,,,,,
1979,51059,1979,0.144259622,1,1,,,,,
1980,51076,1980,0.057950891,1,1,,,,,
1981,51109,1981,0.088428775,1,1,,,,,
1982,51134,1982,0.094802107,1,1,,,,,
1983,51159,1983,0.059373502,1,1,,,,,
1984,51200,1984,0.173759221,1,1,,,,,
1985,51225,1985,0.035016753,1,1,,,,,
1986,51242,1986,0.054448737,1,1,,,,,
1987,51259,1987,0.082662551,1,1,,,,,
1988,51284,1988,0.054805921,1,1,,,,,
1989,51301,1989,0.117666843,1,1,,,,,
1990,51334,1990,0.177517796,1,1,,,,,
1991,51351,1991,0.064346205,1,1,,,,,
1992,51392,1992,0.071464746,1,1,,,,,
1993,51409,1993,0.033410737,1,1,,,,,
1994,51434,1994,0.057346121,1,1,,,,,
1995,51451,1995,0.15343236,1,1,,,,,
1996,51476,1996,0.051952181,1,1,,,,,
1997,51493,1997,0.086009021,1,1,,,,,
1998,51518,1998,0.06906773,1,1,,,,,
1999,51527,1999,0.028369266,1,1,,,,,
2000,51544,2000,0.069552693,1,1,,,,,
2001,51577,2001,0.137245373,1,1,,,,,
2002,51594,2002,0.053814877,1,1,,,,,
2003,51611,2003,0.15520066,1,1,,,,,
2004,51636,2004,0.042838956,1,1,,,,,
2005,51653,2005,0.093955505,1,1,0.472089101,0,0.5,,
2006,51726,2006,0.158365795,1,1,,,,,
2007,51743,2007,0.100031408,1,1,,,,,
2008,51760,2008,0.031761989,1,1,,,,,
2009,51793,2009,0.139551204,1,1,,,,,
2010,51818,2010,0.069890331,1,1,,,,,
2011,51835,2011,0.102995838,1,1,,,,,
2012,51852,2012,0.042471314,1,1,,,,,
2013,51869,2013,0.061287789,1,1,,,,,
2014,51902,2014,0.086176474,1,1,,,,,
2015,51919,2015,0.122437131,1,1,,,,,
2016,51936,2016,0.078194423,1,1,,,,,
2017,51961,2017,0.050891396,1,1,,,,,
2018,51978,2018,0.033525512,1,1,,,,,
2019,52003,2019,0.110747281,1,1,,,,,
2020,52036,2020,0.083262386,1,1,,,,,
2021,52061,2021,0.07816907,1,1,,,,,
2022,52110,2022,0.067254941,1,1,,,,,
2023,52143,2023,0.061538839,1,1,,,,,
2024,52168,2024,0.099136015,1,1,,,,,
2025,52193,2025,0.146458363,1,1,,,,,
2026,52242,2026,0.155974346,1,1,,,,,
2027,52259,2027,0.036358324,1,1,,,,,
2028,52292,2028,0.106456783,1,1,,,,,
2029,52349,2029,0.146346915,1,1,,,,,
2030,52366,2030,0.054932478,1,1,,,,,
2031,52423,2031,0.128134903,1,1,,,,,
2032,52440,2032,0.320620634,0,0.5,,,,,
2033,52473,2033,0.208362865,1,1,,,,,
2034,52498,2034,0.131738813,1,1,,,,,
2035,52523,2035,0.077761917,1,1,,,,,
2036,52540,2036,0.06371879,1,1,,,,,
2037,52565,2037,0.045841836,1,1,,,,,
2038,52574,2038,0.089081859,1,1,,,,,
2039,52591,2039,0.109853707,1,1,,,,,
2040,52616,2040,0.145931244,1,1,,,,,
2041,52625,2041,0.082431574,1,1,,,,,
2042,52642,2042,0.085833288,1,1,,,,,
2043,52667,2043,0.076374758,1,1,,,,,
2044,52684,2044,0.061145461,1,1,,,,,
2045,52725,2045,0.118328415,1,1,,,,,
2046,52742,2046,0.071856781,1,1,,,,,
2047,52767,2047,0.10327031,1,1,,,,,
2048,52784,2048,0.104310861,1,1,,,,,
2049,52793,2049,0.042815035,1,1,,,,,
2050,52810,2050,0.035418218,1,1,,,,,
2051,52835,2051,0.097069064,1,1,,,,,
2052,52852,2052,0.065268445,1,1,,,,,
2053,52861,2053,0.067955887,1,1,,,,,
2054,52894,2054,0.083791759,1,1,,,,,
2055,52911,2055,0.134568179,1,1,,,,,
2056,52928,2056,0.083704384,1,1,,,,,
2057,52945,2057,0.069943321,1,1,,,,,
2058,52978,2058,0.136205314,1,1,,,,,
2059,53003,2059,0.07805316,1,1,,,,,
2060,53012,2060,0.040786783,1,1,,,,,
2061,53037,2061,0.073201282,1,1,,,,,
2062,53062,2062,0.056488017,1,1,,,,,
2063,53135,2063,0.131199334,1,1,,,,,
2064,53152,2064,0.033587148,1,1,,,,,
2065,53185,2065,0.055753487,1,1,,,,,
2066,53194,2066,0.111985002,1,1,0.263929927,1,1,,
2067,53235,2067,0.093162806,1,1,,,,,
2068,53268,2068,0.102549359,1,1,,,,,
2069,53285,2069,0.050456658,1,1,,,,,
2070,53302,2070,0.050541601,1,1,,,,,
2071,53319,2071,0.07714158,1,1,,,,,
2072,53336,2072,0.020325326,1,1,,,,,
2073,53353,2073,0.108697961,1,1,,,,,
2074,53378,2074,0.137752885,1,1,,,,,
2075,53395,2075,0.044167888,1,1,,,,,
2076,53412,2076,0.079183748,1,1,,,,,
2077,53429,2077,0.049727229,1,1,,,,,
2078,53462,2078,0.14132634,1,1,,,,,
2079,53479,2079,0.105813582,1,1,,,,,
2080,53528,2080,0.094980402,1,1,,,,,
2081,53553,2081,0.072923826,1,1,,,,,
2082,53570,2082,0.042448474,1,1,,,,,
2083,53595,2083,0.038688777,1,1,,,,,
2084,53628,2084,0.093771033,1,1,,,,,
2085,53701,2085,0.105722442,1,1,,,,,
2086,53718,2086,0.048285951,1,1,,,,,
2087,53735,2087,0.043025297,1,1,,,,,
2088,53752,2088,0.02408808,1,1,,,,,
2089,53769,2089,0.045990154,1,1,,,,,
2090,53786,2090,0.022975178,1,1,,,,,
2091,53803,2091,0.118011651,1,1,,,,,
2092,53836,2092,0.109760577,1,1,,,,,
2093,53861,2093,0.125096659,1,1,,,,,
2094,53886,2094,0.148216086,1,1,,,,,
2095,53911,2095,0.060615444,1,1,,,,,
2096,53936,2096,0.103251871,1,1,,,,,
2097,53953,2097,0.057102802,1,1,,,,,
2098,53962,2098,0.083862916,1,1,,,,,
2099,53995,2099,0.103062741,1,1,,,,,
2100,54020,2100,0.126754926,1,1,,,,,
2101,54037,2101,0.026538903,1,1,,,,,
2102,54062,2102,0.072938087,1,1,,,,,
2103,54079,2103,0.090677678,1,1,,,,,
2104,54096,2104,0.196811548,1,1,,,,,
2105,54121,2105,0.09370148,1,1,,,,,
2106,54138,2106,0.028505187,1,1,,,,,
2107,54179,2107,0.056575068,1,1,,,,,
2108,54220,2108,0.071687494,1,1,,,,,
2109,54237,2109,0.067787324,1,1,,,,,
2110,54254,2110,0.048008092,1,1,,,,,
2111,54271,2111,0.035312117,1,1,,,,,
2112,54312,2112,0.144782485,1,1,,,,,
2113,54329,2113,0.085937977,1,1,,,,,
2114,54346,2114,0.171683025,1,1,,,,,
2115,54363,2115,0.095336089,1,1,,,,,
2116,54396,2116,0.055798638,1,1,,,,,
2117,54413,2117,0.048694058,1,1,,,,,
2118,54430,2118,0.02721185,1,1,,,,,
2119,54447,2119,0.101952726,1,1,,,,,
2120,54480,2120,0.06685567,1,1,,,,,
2121,54513,2121,0.214455587,1,1,,,,,
2122,54530,2122,0.047394376,1,1,,,,,
2123,54555,2123,0.059957815,1,1,,,,,
2124,54572,2124,0.070299226,1,1,,,,,
2125,54597,2125,0.104013278,1,1,,,,,
2126,54606,2126,0.040772863,1,1,,,,,
2127,54623,2127,0.042374001,1,1,,,,,
2128,54696,2128,0.126702516,1,1,,,,,
2129,54721,2129,0.083319154,1,1,,,,,
2130,54746,2130,0.100127124,1,1,0.286512636,1,1,,
2131,54771,2131,0.127136625,1,1,,,,,
2132,54804,2132,0.080352853,1,1,,,,,
2133,54829,2133,0.070839352,1,1,,,,,
2134,54854,2134,0.14965109,1,1,,,,,
2135,54871,2135,0.101522435,1,1,,,,,
2136,54904,2136,0.064599371,1,1,,,,,
2137,54921,2137,0.128914053,1,1,,,,,
2138,54946,2138,0.052424447,1,1,,,,,
2139,54963,2139,0.098606543,1,1,,,,,
2140,54996,2140,0.129589599,1,1,,,,,
2141,55013,2141,0.090705945,1,1,,,,,
2142,55030,2142,0.037887356,1,1,,,,,
2143,55071,2143,0.080322526,1,1,,,,,
2144,55096,2144,0.077931148,1,1,,,,,
2145,55129,2145,0.099527099,1,1,,,,,
2146,55154,2146,0.120596302,1,1,,,,,
2147,55179,2147,0.114833765,1,1,,,,,
2148,55196,2148,0.057869071,1,1,,,,,
2149,55221,2149,0.127580936,1,1,,,,,
2150,55246,2150,0.03651049,1,1,,,,,
2151,55263,2151,0.057123069,1,1,,,,,
2152,55288,2152,0.150043193,1,1,,,,,
2153,55313,2153,0.080256864,1,1,,,,,
2154,55346,2154,0.139448247,1,1,,,,,
2155,55363,2155,0.080402682,1,1,,,,,
2156,55380,2156,0.11173839,1,1,,,,,
2157,55405,2157,0.101785015,1,1,,,,,
2158,55430,2158,0.109454445,1,1,,,,,
2159,55463,2159,0.130319051,1,1,,,,,
2160,55504,2160,0.128265809,1,1,,,,,
2161,55521,2161,0.145064121,1,1,,,,,
2162,55538,2162,0.094605687,1,1,,,,,
2163,55563,2163,0.03986935,1,1,,,,,
2164,55596,2164,0.061650783,1,1,,,,,
2165,55613,2165,0.043973003,1,1,,,,,
2166,55630,2166,0.056022879,1,1,,,,,
2167,55655,2167,0.122710469,1,1,,,,,
2168,55680,2168,0.05868798,1,1,,,,,
2169,55705,2169,0.074804452,1,1,,,,,
2170,55722,2170,0.128397948,1,1,,,,,
2171,55771,2171,0.087360567,1,1,,,,,
2172,55788,2172,0.126614324,1,1,,,,,
2173,55813,2173,0.098409798,1,1,,,,,
2174,55846,2174,0.090717369,1,1,,,,,
2175,55863,2175,0.110850947,1,1,,,,,
2176,55872,2176,0.004102167,1,1,,,,,
2177,55897,2177,0.174054698,1,1,,,,,
2178,55930,2178,0.069054144,1,1,,,,,
2179,56003,2179,0.118464926,1,1,,,,,
2180,56020,2180,0.093073041,1,1,,,,,
2181,56069,2181,0.08177413,1,1,,,,,
2182,56094,2182,0.175270081,1,1,,,,,
2183,56143,2183,0.221646365,1,1,,,,,
2184,56184,2184,0.107000339,1,1,,,,,
2185,56217,2185,0.057106065,1,1,,,,,
2186,56242,2186,0.083808931,1,1,,,,,
2187,56251,2187,0.043263834,1,1,,,,,
2188,56276,2188,0.065401342,1,1,0.247947688,1,1,,
2189,56301,2189,0.042640891,1,1,,,,,
2190,56318,2190,0.103590949,1,1,,,,,
2191,56335,2191,0.028241036,1,1,,,,,
2192,56360,2192,0.1949594,1,1,,,,,
2193,56393,2193,0.050014369,1,1,,,,,
2194,56410,2194,0.065397471,1,1,,,,,
2195,56427,2195,0.111598754,1,1,,,,,
2196,56444,2196,0.07029651,1,1,,,,,
2197,56469,2197,0.043294519,1,1,,,,,
2198,56486,2198,0.018675812,1,1,,,,,
2199,56511,2199,0.074416348,1,1,,,,,
2200,56560,2200,0.111093296,1,1,,,,,
2201,56577,2201,0.030451482,1,1,,,,,
2202,56602,2202,0.092454651,1,1,,,,,
2203,56611,2203,0.148577831,1,1,,,,,
2204,56628,2204,0.051461039,1,1,,,,,
2205,56653,2205,0.092578241,1,1,,,,,
2206,56678,2206,0.09444105,1,1,,,,,
2207,56703,2207,0.030670382,1,1,,,,,
2208,56728,2208,0.119155537,1,1,,,,,
2209,56745,2209,0.095533042,1,1,,,,,
2210,56810,2210,0.151716948,1,1,,,,,
2211,56843,2211,0.096333596,1,1,,,,,
2212,56860,2212,0.059192537,1,1,,,,,
2213,56885,2213,0.063688249,1,1,,,,,
2214,56910,2214,0.161210734,1,1,,,,,
2215,56935,2215,0.060063316,1,1,,,,,
2216,56992,2216,0.191244497,1,1,,,,,
2217,57025,2217,0.13259378,1,1,,,,,
2218,57050,2218,0.042529446,1,1,,,,,
2219,57107,2219,0.139788593,1,1,,,,,
2220,57132,2220,0.09751942,1,1,,,,,
2221,57189,2221,0.166923937,1,1,,,,,
2222,57214,2222,0.068517804,1,1,,,,,
2223,57247,2223,0.097028725,1,1,,,,,
2224,57264,2224,0.048829833,1,1,,,,,
2225,57313,2225,0.125725059,1,1,,,,,
2226,57346,2226,0.086943249,1,1,,,,,
2227,57387,2227,0.109310034,1,1,,,,,
2228,57412,2228,0.081906576,1,1,,,,,
2229,57477,2229,0.14561075,1,1,,,,,
2230,57510,2230,0.091164006,1,1,,,,,
2231,57527,2231,0.165716789,1,1,,,,,
2232,57544,2232,0.044444372,1,1,,,,,
2233,57569,2233,0.075089846,1,1,,,,,
2234,57602,2234,0.087741238,1,1,,,,,
2235,57635,2235,0.14274295,1,1,,,,,
2236,57660,2236,0.060926261,1,1,,,,,
2237,57677,2237,0.054733735,1,1,,,,,
2238,57710,2238,0.136779015,1,1,,,,,
2239,57727,2239,0.072233234,1,1,,,,,
2240,57760,2240,0.085530375,1,1,,,,,
2241,57785,2241,0.081004519,1,1,,,,,
2242,57818,2242,0.063783363,1,1,0.467506771,1,1,,
2243,57835,2243,0.142336047,1,1,,,,,
2244,57884,2244,0.089944983,1,1,,,,,
2245,57901,2245,0.17508404,1,1,,,,,
2246,57918,2246,0.038706657,1,1,,,,,
2247,57935,2247,0.055192586,1,1,,,,,
2248,57952,2248,0.059391483,1,1,,,,,
2249,57969,2249,0.070130352,1,1,,,,,
2250,57986,2250,0.020887967,1,1,,,,,
2251,58019,2251,0.094933664,1,1,,,,,
2252,58044,2252,0.030958698,1,1,,,,,
2253,58085,2253,0.137573103,1,1,,,,,
2254,58110,2254,0.075988883,1,1,,,,,
2255,58127,2255,0.01709113,1,1,,,,,
2256,58160,2256,0.083108178,1,1,,,,,
2257,58185,2257,0.061675015,1,1,,,,,
2258,58234,2258,0.155015653,1,1,,,,,
2259,58259,2259,0.128737156,1,1,,,,,
2260,58284,2260,0.084778416,1,1,,,,,
2261,58301,2261,0.042998741,1,1,,,,,
2262,58334,2262,0.118573264,1,1,,,,,
2263,58375,2263,0.161974747,1,1,,,,,
2264,58392,2264,0.102190901,1,1,,,,,
2265,58417,2265,0.1189493,1,1,,,,,
2266,58434,2266,0.026312532,1,1,,,,,
2267,58451,2267,0.10480612,1,1,,,,,
2268,58468,2268,0.071675394,1,1,,,,,
2269,58493,2269,0.085686441,1,1,,,,,
2270,58526,2270,0.088817857,1,1,,,,,
2271,58551,2271,0.070449636,1,1,,,,,
2272,58576,2272,0.113055112,1,1,,,,,
2273,58601,2273,0.079824057,1,1,,,,,
2274,58618,2274,0.007274108,1,1,,,,,
2275,58635,2275,0.035124044,1,1,,,,,
2276,58652,2276,0.112981391,1,1,,,,,
2277,58677,2277,0.050546793,1,1,,,,,
2278,58702,2278,0.092648249,1,1,,,,,
2279,58727,2279,0.060167294,1,1,,,,,
2280,58744,2280,0.059933451,1,1,,,,,
2281,58769,2281,0.104175705,1,1,,,,,
2282,58818,2282,0.146296854,1,1,,,,,
2283,58835,2283,0.038250972,1,1,,,,,
2284,58860,2284,0.089707566,1,1,,,,,
2285,58885,2285,0.14532612,1,1,,,,,
2286,58902,2286,0.021910598,1,1,,,,,
2287,58927,2287,0.053499564,1,1,,,,,
2288,58944,2288,0.073773202,1,1,,,,,
2289,58969,2289,0.08403491,1,1,,,,,
2290,58994,2290,0.107556785,1,1,,,,,
2291,59019,2291,0.094969657,1,1,,,,,
2292,59044,2292,0.098771787,1,1,,,,,
2293,59061,2293,0.063149996,1,1,,,,,
2294,59086,2294,0.152757015,1,1,,,,,
2295,59135,2295,0.121628608,1,1,,,,,
2296,59152,2296,0.046091968,1,1,,,,,
2297,59169,2297,0.056300929,1,1,,,,,
2298,59186,2298,0.085758088,1,1,,,,,
2299,59195,2299,0.02127048,1,1,,,,,
2300,59220,2300,0.065090749,1,1,,,,,
2301,59245,2301,0.086545698,1,1,,,,,
2302,59262,2302,0.090088241,1,1,,,,,
2303,59279,2303,0.066577247,1,1,,,,,
2304,59296,2304,0.030047184,1,1,,,,,
2305,59313,2305,0.050105687,1,1,,,,,
2306,59330,2306,0.082455886,1,1,,,,,
2307,59355,2307,0.056535319,1,1,,,,,
2308,59372,2308,0.08339555,1,1,,,,,
2309,59397,2309,0.076782803,1,1,0.358896865,0,0.5,,
2310,59422,2310,0.12935316,1,1,,,,,
2311,59463,2311,0.122638039,1,1,,,,,
2312,59544,2312,0.142782891,1,1,,,,,
2313,59569,2313,0.06036011,1,1,,,,,
2314,59602,2314,0.102724946,1,1,,,,,
2315,59651,2315,0.124001371,1,1,,,,,
2316,59668,2316,0.107960832,1,1,,,,,
2317,59693,2317,0.07593661,1,1,,,,,
2318,59702,2318,0.050699225,1,1,,,,,
2319,59719,2319,0.062108229,1,1,,,,,
2320,59792,2320,0.194778206,1,1,,,,,
2321,59801,2321,0.477353055,0,0.666666667,,,,,
2322,59826,2322,0.074423405,1,1,,,,,
2323,59851,2323,0.051778631,1,1,,,,,
2324,59876,2324,0.04716937,1,1,,,,,
2325,59901,2325,0.071286997,1,1,,,,,
2326,59934,2326,0.060434638,1,1,,,,,
2327,59951,2327,0.068200037,1,1,,,,,
2328,59976,2328,0.09057946,1,1,,,,,
2329,60001,2329,0.037229661,1,1,,,,,
2330,60042,2330,0.057881549,1,1,,,,,
2331,60067,2331,0.057521173,1,1,,,,,
2332,60084,2332,0.079303578,1,1,,,,,
2333,60117,2333,0.108268881,1,1,,,,,
2334,60142,2334,0.126566967,1,1,,,,,
2335,60167,2335,0.047207783,1,1,,,,,
2336,60184,2336,0.083663393,1,1,,,,,
2337,60209,2337,0.12507226,1,1,,,,,
2338,60226,2338,0.073895497,1,1,,,,,
2339,60275,2339,0.105136576,1,1,,,,,
2340,60292,2340,0.059411835,1,1,,,,,
2341,60317,2341,0.075618975,1,1,,,,,
2342,60334,2342,0.018298692,1,1,,,,,
2343,60351,2343,0.02613628,1,1,,,,,
2344,60368,2344,0.141286864,0,0.5,,,,,
2345,60401,2345,0.093916069,1,1,,,,,
2346,60434,2346,0.086230798,1,1,,,,,
2347,60459,2347,0.137789371,1,1,,,,,
2348,60484,2348,0.036914179,1,1,,,,,
2349,60509,2349,0.047039279,1,1,,,,,
2350,60550,2350,0.133320497,1,1,,,,,
2351,60567,2351,0.073830318,1,1,,,,,
2352,60592,2352,0.112179557,1,1,,,,,
2353,60665,2353,0.180398083,1,1,,,,,
2354,60674,2354,0.101408932,1,1,,,,,
2355,60723,2355,0.137751845,1,1,,,,,
2356,60740,2356,0.080686784,1,1,,,,,
2357,60789,2357,0.136629739,1,1,,,,,
2358,60830,2358,0.1344711,1,1,,,,,
2359,60903,2359,0.137022582,1,1,,,,,
2360,60928,2360,0.051883064,1,1,0.610701586,0,0.5,,
2361,60961,2361,0.156653262,1,1,,,,,
2362,60994,2362,0.082420022,1,1,,,,,
2363,61011,2363,0.034554699,1,1,,,,,
2364,61036,2364,0.032168888,1,1,,,,,
2365,61053,2365,0.058801816,1,1,,,,,
2366,61070,2366,0.054865057,1,1,,,,,
2367,61095,2367,0.069790153,1,1,,,,,
2368,61128,2368,0.204959972,1,1,,,,,
2369,61153,2369,0.109845644,1,1,,,,,
2370,61178,2370,0.04896415,1,1,,,,,
2371,61195,2371,0.090820165,1,1,,,,,
2372,61244,2372,0.078819126,1,1,,,,,
2373,61261,2373,0.062447687,1,1,,,,,
2374,61270,2374,0.238116877,1,1,,,,,
2375,61295,2375,0.186533418,1,1,,,,,
2376,61312,2376,0.086844754,1,1,,,,,
2377,61353,2377,0.126297419,1,1,,,,,
2378,61370,2378,0.069582293,1,1,,,,,
2379,61387,2379,0.116877238,1,1,,,,,
2380,61404,2380,0.029016382,1,1,,,,,
2381,61429,2381,0.105332051,1,1,,,,,
2382,61446,2382,0.059543864,1,1,,,,,
2383,61471,2383,0.052031833,1,1,,,,,
2384,61504,2384,0.190848597,1,1,,,,,
2385,61521,2385,0.012880235,1,1,,,,,
2386,61546,2386,0.081097509,1,1,,,,,
2387,61571,2387,0.103953273,1,1,,,,,
2388,61604,2388,0.064292103,1,1,,,,,
2389,61629,2389,0.050825934,1,1,,,,,
2390,61646,2390,0.056241679,1,1,,,,,
2391,61679,2391,0.09685491,1,1,,,,,
2392,61744,2392,0.12876288,1,1,,,,,
2393,61761,2393,0.083657595,1,1,,,,,
2394,61794,2394,0.180368411,1,1,,,,,
2395,61811,2395,0.147447158,1,1,,,,,
2396,61828,2396,0.04396562,1,1,,,,,
2397,61869,2397,0.123114669,1,1,,,,,
2398,61886,2398,0.044291745,1,1,,,,,
2399,61911,2399,0.051473977,1,1,,,,,
2400,61952,2400,0.147000346,1,1,,,,,
2401,61985,2401,0.132749879,1,1,,,,0.491666675,0.499622948